,error,knn__n_neighbors,mean,rca__chunk_size,rca__num_chunks,score1,score10,score2,score3,score4,score5,score6,score7,score8,score9,std,time1,time2,time3,technique,dataset
0,"Input contains NaN, infinity or a value too large for dtype('float64').",1,0,1,10,0.0,0.0,0.0,0.0,0.0,0.0,0.0,0.0,0.0,0.0,0.0,0.0007123231887817382,0.0016118288040161133,0.0005367755889892578,RCA+kNN,ionosphere
1,"Input contains NaN, infinity or a value too large for dtype('float64').",1,0,1,50,0.0,0.0,0.0,0.0,0.0,0.0,0.0,0.0,0.0,0.0,0.0,0.0014246463775634765,0.006928467750549316,0.0010532617568969726,RCA+kNN,ionosphere
2,"Input contains NaN, infinity or a value too large for dtype('float64').",1,0,1,100,0.0,0.0,0.0,0.0,0.0,0.0,0.0,0.0,0.0,0.0,0.0,0.002136969566345215,0.0164309024810791,0.001538562774658203,RCA+kNN,ionosphere
3,Cascading:low >= high,1,0,1,500,0.0,0.0,0.0,0.0,0.0,0.0,0.0,0.0,0.0,0.0,0.0,0.002849292755126953,0.02532658576965332,0.001538562774658203,RCA+kNN,ionosphere
4,Cascading:low >= high,1,0,1,1000,0.0,0.0,0.0,0.0,0.0,0.0,0.0,0.0,0.0,0.0,0.0,0.0035616159439086914,0.032834219932556155,0.001538562774658203,RCA+kNN,ionosphere
5,"Input contains NaN, infinity or a value too large for dtype('float64').",1,0,2,10,0.0,0.0,0.0,0.0,0.0,0.0,0.0,0.0,0.0,0.0,0.0,0.00427393913269043,0.03446056842803955,0.0020409107208251955,RCA+kNN,ionosphere
6,"Input contains NaN, infinity or a value too large for dtype('float64').",1,0,2,50,0.0,0.0,0.0,0.0,0.0,0.7777777777777778,0.0,0.7647058823529411,0.0,0.7352941176470589,0.34807235412521176,0.004986262321472168,0.03984553813934326,0.002541971206665039,RCA+kNN,ionosphere
7,Cascading:low >= high,1,0,2,100,0.0,0.0,0.0,0.0,0.0,0.0,0.0,0.0,0.0,0.0,0.0,0.005698585510253906,0.04380340576171875,0.002541971206665039,RCA+kNN,ionosphere
8,Cascading:low >= high,1,0,2,500,0.0,0.0,0.0,0.0,0.0,0.0,0.0,0.0,0.0,0.0,0.0,0.006410908699035644,0.04776263236999512,0.002541971206665039,RCA+kNN,ionosphere
9,Cascading:low >= high,1,0,2,1000,0.0,0.0,0.0,0.0,0.0,0.0,0.0,0.0,0.0,0.0,0.0,0.007123231887817383,0.051834702491760254,0.002541971206665039,RCA+kNN,ionosphere
10,"Input contains NaN, infinity or a value too large for dtype('float64').",1,0,3,10,0.0,0.0,0.0,0.0,0.0,0.0,0.0,0.0,0.0,0.0,0.0,0.00783555507659912,0.05358731746673584,0.0030518293380737303,RCA+kNN,ionosphere
11,Cascading:low >= high,1,0,3,50,0.0,0.0,0.0,0.0,0.0,0.0,0.0,0.0,0.0,0.0,0.0,0.00854787826538086,0.05651407241821289,0.0030518293380737303,RCA+kNN,ionosphere
12,Cascading:low >= high,1,0,3,100,0.0,0.0,0.0,0.0,0.0,0.0,0.0,0.0,0.0,0.0,0.0,0.009260201454162597,0.059386801719665525,0.0030518293380737303,RCA+kNN,ionosphere
13,Cascading:low >= high,1,0,3,500,0.0,0.0,0.0,0.0,0.0,0.0,0.0,0.0,0.0,0.0,0.0,0.009972524642944337,0.0622553825378418,0.0030518293380737303,RCA+kNN,ionosphere
14,Cascading:low >= high,1,0,3,1000,0.0,0.0,0.0,0.0,0.0,0.0,0.0,0.0,0.0,0.0,0.0,0.010684847831726074,0.0651470422744751,0.0030518293380737303,RCA+kNN,ionosphere
15,"Input contains NaN, infinity or a value too large for dtype('float64').",1,0,5,10,0.0,0.9117647058823529,0.0,0.0,0.7777777777777778,0.0,0.0,0.0,0.0,0.0,0.3392341035462719,0.011397171020507812,0.06698288917541503,0.003564333915710449,RCA+kNN,ionosphere
16,Cascading:low >= high,1,0,5,50,0.0,0.0,0.0,0.0,0.0,0.0,0.0,0.0,0.0,0.0,0.0,0.012109494209289551,0.0690690040588379,0.003564333915710449,RCA+kNN,ionosphere
17,Cascading:low >= high,1,0,5,100,0.0,0.0,0.0,0.0,0.0,0.0,0.0,0.0,0.0,0.0,0.0,0.012821817398071289,0.07159566879272461,0.003564333915710449,RCA+kNN,ionosphere
18,Cascading:low >= high,1,0,5,500,0.0,0.0,0.0,0.0,0.0,0.0,0.0,0.0,0.0,0.0,0.0,0.013534140586853028,0.07361559867858887,0.003564333915710449,RCA+kNN,ionosphere
19,Cascading:low >= high,1,0,5,1000,0.0,0.0,0.0,0.0,0.0,0.0,0.0,0.0,0.0,0.0,0.0,0.014246463775634766,0.07559607028961182,0.003564333915710449,RCA+kNN,ionosphere
20,"Input contains NaN, infinity or a value too large for dtype('float64').",1,0,7,10,0.7777777777777778,0.0,0.75,0.5833333333333334,0.8333333333333334,0.0,0.7714285714285715,0.8235294117647058,0.8235294117647058,0.0,0.3574297311806758,0.014958786964416503,0.07741143703460693,0.004062008857727051,RCA+kNN,ionosphere
21,Cascading:low >= high,1,0,7,50,0.0,0.0,0.0,0.0,0.0,0.0,0.0,0.0,0.0,0.0,0.0,0.01567111015319824,0.07901475429534913,0.004062008857727051,RCA+kNN,ionosphere
22,Cascading:low >= high,1,0,7,100,0.0,0.0,0.0,0.0,0.0,0.0,0.0,0.0,0.0,0.0,0.0,0.016383433341979982,0.0806494951248169,0.004062008857727051,RCA+kNN,ionosphere
23,Cascading:low >= high,1,0,7,500,0.0,0.0,0.0,0.0,0.0,0.0,0.0,0.0,0.0,0.0,0.0,0.01709575653076172,0.08231170177459717,0.004062008857727051,RCA+kNN,ionosphere
24,Cascading:low >= high,1,0,7,1000,0.0,0.0,0.0,0.0,0.0,0.0,0.0,0.0,0.0,0.0,0.0,0.017808079719543457,0.08391454219818115,0.004062008857727051,RCA+kNN,ionosphere
25,"Input contains NaN, infinity or a value too large for dtype('float64').",1,0,10,10,0.0,0.8529411764705882,0.0,0.7777777777777778,0.75,0.0,0.0,0.0,0.0,0.0,0.3644399330770746,0.018520402908325195,0.08620932102203369,0.004793810844421387,RCA+kNN,ionosphere
26,Cascading:low >= high,1,0,10,50,0.0,0.0,0.0,0.0,0.0,0.0,0.0,0.0,0.0,0.0,0.0,0.019232726097106932,0.08763315677642822,0.004793810844421387,RCA+kNN,ionosphere
27,Cascading:low >= high,1,0,10,100,0.0,0.0,0.0,0.0,0.0,0.0,0.0,0.0,0.0,0.0,0.0,0.019945049285888673,0.08892412185668945,0.004793810844421387,RCA+kNN,ionosphere
28,Cascading:low >= high,1,0,10,500,0.0,0.0,0.0,0.0,0.0,0.0,0.0,0.0,0.0,0.0,0.0,0.02065737247467041,0.09026968479156494,0.004793810844421387,RCA+kNN,ionosphere
29,Cascading:low >= high,1,0,10,1000,0.0,0.0,0.0,0.0,0.0,0.0,0.0,0.0,0.0,0.0,0.0,0.02136969566345215,0.09156112670898438,0.004793810844421387,RCA+kNN,ionosphere
30,Cascading:low >= high,1,0,16,10,0.0,0.0,0.0,0.0,0.0,0.0,0.0,0.0,0.0,0.0,0.0,0.022082018852233886,0.0931842565536499,0.004793810844421387,RCA+kNN,ionosphere
31,Cascading:low >= high,1,0,16,50,0.0,0.0,0.0,0.0,0.0,0.0,0.0,0.0,0.0,0.0,0.0,0.022794342041015624,0.09440741539001465,0.004793810844421387,RCA+kNN,ionosphere
32,Cascading:low >= high,1,0,16,100,0.0,0.0,0.0,0.0,0.0,0.0,0.0,0.0,0.0,0.0,0.0,0.023506665229797365,0.09549233913421631,0.004793810844421387,RCA+kNN,ionosphere
33,Cascading:low >= high,1,0,16,500,0.0,0.0,0.0,0.0,0.0,0.0,0.0,0.0,0.0,0.0,0.0,0.024218988418579102,0.09784526824951172,0.004793810844421387,RCA+kNN,ionosphere
34,Cascading:low >= high,1,0,16,1000,0.0,0.0,0.0,0.0,0.0,0.0,0.0,0.0,0.0,0.0,0.0,0.02493131160736084,0.09987437725067139,0.004793810844421387,RCA+kNN,ionosphere
35,Cascading:low >= high,1,0,32,10,0.0,0.0,0.0,0.0,0.0,0.0,0.0,0.0,0.0,0.0,0.0,0.025643634796142577,0.10109598636627197,0.004793810844421387,RCA+kNN,ionosphere
36,Cascading:low >= high,1,0,32,50,0.0,0.0,0.0,0.0,0.0,0.0,0.0,0.0,0.0,0.0,0.0,0.026355957984924315,0.10226409435272217,0.004793810844421387,RCA+kNN,ionosphere
37,Cascading:low >= high,1,0,32,100,0.0,0.0,0.0,0.0,0.0,0.0,0.0,0.0,0.0,0.0,0.0,0.027068281173706056,0.10355031490325928,0.004793810844421387,RCA+kNN,ionosphere
38,Cascading:low >= high,1,0,32,500,0.0,0.0,0.0,0.0,0.0,0.0,0.0,0.0,0.0,0.0,0.0,0.027780604362487794,0.10469677448272705,0.004793810844421387,RCA+kNN,ionosphere
39,Cascading:low >= high,1,0,32,1000,0.0,0.0,0.0,0.0,0.0,0.0,0.0,0.0,0.0,0.0,0.0,0.02849292755126953,0.10608484745025634,0.004793810844421387,RCA+kNN,ionosphere
40,"Input contains NaN, infinity or a value too large for dtype('float64').",2,0,1,10,0.0,0.0,0.0,0.0,0.0,0.0,0.0,0.0,0.0,0.0,0.0,0.02920525074005127,0.10769667625427246,0.0053302526473999025,RCA+kNN,ionosphere
41,"Input contains NaN, infinity or a value too large for dtype('float64').",2,0,1,50,0.0,0.0,0.0,0.0,0.0,0.0,0.0,0.0,0.0,0.0,0.0,0.029917573928833006,0.11301331520080567,0.005854225158691407,RCA+kNN,ionosphere
42,"Input contains NaN, infinity or a value too large for dtype('float64').",2,0,1,100,0.0,0.0,0.0,0.0,0.0,0.0,0.0,0.0,0.0,0.0,0.0,0.030629897117614747,0.12251574993133545,0.006339454650878906,RCA+kNN,ionosphere
43,Cascading:low >= high,2,0,1,500,0.0,0.0,0.0,0.0,0.0,0.0,0.0,0.0,0.0,0.0,0.0,0.03134222030639648,0.13141143321990967,0.006339454650878906,RCA+kNN,ionosphere
44,Cascading:low >= high,2,0,1,1000,0.0,0.0,0.0,0.0,0.0,0.0,0.0,0.0,0.0,0.0,0.0,0.03205454349517822,0.1389190673828125,0.006339454650878906,RCA+kNN,ionosphere
45,"Input contains NaN, infinity or a value too large for dtype('float64').",2,0,2,10,0.0,0.0,0.0,0.0,0.0,0.0,0.0,0.0,0.0,0.0,0.0,0.032766866683959964,0.1405454158782959,0.006846117973327637,RCA+kNN,ionosphere
46,"Input contains NaN, infinity or a value too large for dtype('float64').",2,0,2,50,0.0,0.0,0.0,0.0,0.0,0.8611111111111112,0.0,0.8235294117647058,0.0,0.7647058823529411,0.374774377852198,0.0334791898727417,0.14593038558959961,0.007337141036987305,RCA+kNN,ionosphere
47,Cascading:low >= high,2,0,2,100,0.0,0.0,0.0,0.0,0.0,0.0,0.0,0.0,0.0,0.0,0.0,0.03419151306152344,0.1498882532119751,0.007337141036987305,RCA+kNN,ionosphere
48,Cascading:low >= high,2,0,2,500,0.0,0.0,0.0,0.0,0.0,0.0,0.0,0.0,0.0,0.0,0.0,0.03490383625030517,0.15384747982025146,0.007337141036987305,RCA+kNN,ionosphere
49,Cascading:low >= high,2,0,2,1000,0.0,0.0,0.0,0.0,0.0,0.0,0.0,0.0,0.0,0.0,0.0,0.035616159439086914,0.1579195499420166,0.007337141036987305,RCA+kNN,ionosphere
50,"Input contains NaN, infinity or a value too large for dtype('float64').",2,0,3,10,0.0,0.0,0.0,0.0,0.0,0.0,0.0,0.0,0.0,0.0,0.0,0.036328482627868655,0.15967216491699218,0.007837724685668946,RCA+kNN,ionosphere
51,Cascading:low >= high,2,0,3,50,0.0,0.0,0.0,0.0,0.0,0.0,0.0,0.0,0.0,0.0,0.0,0.03704080581665039,0.16259891986846925,0.007837724685668946,RCA+kNN,ionosphere
52,Cascading:low >= high,2,0,3,100,0.0,0.0,0.0,0.0,0.0,0.0,0.0,0.0,0.0,0.0,0.0,0.03775312900543213,0.16547164916992188,0.007837724685668946,RCA+kNN,ionosphere
53,Cascading:low >= high,2,0,3,500,0.0,0.0,0.0,0.0,0.0,0.0,0.0,0.0,0.0,0.0,0.0,0.038465452194213864,0.16834022998809814,0.007837724685668946,RCA+kNN,ionosphere
54,Cascading:low >= high,2,0,3,1000,0.0,0.0,0.0,0.0,0.0,0.0,0.0,0.0,0.0,0.0,0.0,0.039177775382995605,0.17123188972473144,0.007837724685668946,RCA+kNN,ionosphere
55,"Input contains NaN, infinity or a value too large for dtype('float64').",2,0,5,10,0.0,0.8529411764705882,0.0,0.0,0.8333333333333334,0.0,0.0,0.0,0.0,0.0,0.3372834005286994,0.039890098571777347,0.17306773662567138,0.008341026306152344,RCA+kNN,ionosphere
56,Cascading:low >= high,2,0,5,50,0.0,0.0,0.0,0.0,0.0,0.0,0.0,0.0,0.0,0.0,0.0,0.04060242176055908,0.17515385150909424,0.008341026306152344,RCA+kNN,ionosphere
57,Cascading:low >= high,2,0,5,100,0.0,0.0,0.0,0.0,0.0,0.0,0.0,0.0,0.0,0.0,0.0,0.04131474494934082,0.17768051624298095,0.008341026306152344,RCA+kNN,ionosphere
58,Cascading:low >= high,2,0,5,500,0.0,0.0,0.0,0.0,0.0,0.0,0.0,0.0,0.0,0.0,0.0,0.042027068138122556,0.17970044612884523,0.008341026306152344,RCA+kNN,ionosphere
59,Cascading:low >= high,2,0,5,1000,0.0,0.0,0.0,0.0,0.0,0.0,0.0,0.0,0.0,0.0,0.0,0.0427393913269043,0.18168091773986816,0.008341026306152344,RCA+kNN,ionosphere
60,"Input contains NaN, infinity or a value too large for dtype('float64').",2,0,7,10,0.7777777777777778,0.0,0.8333333333333334,0.6944444444444444,0.8333333333333334,0.0,0.8571428571428571,0.8529411764705882,0.8823529411764706,0.0,0.37842038425790964,0.04345171451568604,0.18349628448486327,0.008823966979980469,RCA+kNN,ionosphere
61,Cascading:low >= high,2,0,7,50,0.0,0.0,0.0,0.0,0.0,0.0,0.0,0.0,0.0,0.0,0.0,0.04416403770446777,0.18509960174560547,0.008823966979980469,RCA+kNN,ionosphere
62,Cascading:low >= high,2,0,7,100,0.0,0.0,0.0,0.0,0.0,0.0,0.0,0.0,0.0,0.0,0.0,0.04487636089324951,0.18673434257507324,0.008823966979980469,RCA+kNN,ionosphere
63,Cascading:low >= high,2,0,7,500,0.0,0.0,0.0,0.0,0.0,0.0,0.0,0.0,0.0,0.0,0.0,0.04558868408203125,0.18839654922485352,0.008823966979980469,RCA+kNN,ionosphere
64,Cascading:low >= high,2,0,7,1000,0.0,0.0,0.0,0.0,0.0,0.0,0.0,0.0,0.0,0.0,0.0,0.04630100727081299,0.1899993896484375,0.008823966979980469,RCA+kNN,ionosphere
65,"Input contains NaN, infinity or a value too large for dtype('float64').",2,0,10,10,0.0,0.8823529411764706,0.0,0.8055555555555556,0.8333333333333334,0.0,0.0,0.0,0.0,0.0,0.3855184656753163,0.04701333045959473,0.19229416847229003,0.009330344200134278,RCA+kNN,ionosphere
66,Cascading:low >= high,2,0,10,50,0.0,0.0,0.0,0.0,0.0,0.0,0.0,0.0,0.0,0.0,0.0,0.04772565364837646,0.19371800422668456,0.009330344200134278,RCA+kNN,ionosphere
67,Cascading:low >= high,2,0,10,100,0.0,0.0,0.0,0.0,0.0,0.0,0.0,0.0,0.0,0.0,0.0,0.048437976837158205,0.1950089693069458,0.009330344200134278,RCA+kNN,ionosphere
68,Cascading:low >= high,2,0,10,500,0.0,0.0,0.0,0.0,0.0,0.0,0.0,0.0,0.0,0.0,0.0,0.04915030002593994,0.19635453224182128,0.009330344200134278,RCA+kNN,ionosphere
69,Cascading:low >= high,2,0,10,1000,0.0,0.0,0.0,0.0,0.0,0.0,0.0,0.0,0.0,0.0,0.0,0.04986262321472168,0.19764597415924073,0.009330344200134278,RCA+kNN,ionosphere
70,Cascading:low >= high,2,0,16,10,0.0,0.0,0.0,0.0,0.0,0.0,0.0,0.0,0.0,0.0,0.0,0.05057494640350342,0.19926910400390624,0.009330344200134278,RCA+kNN,ionosphere
71,Cascading:low >= high,2,0,16,50,0.0,0.0,0.0,0.0,0.0,0.0,0.0,0.0,0.0,0.0,0.0,0.051287269592285155,0.200492262840271,0.009330344200134278,RCA+kNN,ionosphere
72,Cascading:low >= high,2,0,16,100,0.0,0.0,0.0,0.0,0.0,0.0,0.0,0.0,0.0,0.0,0.0,0.051999592781066896,0.20157718658447266,0.009330344200134278,RCA+kNN,ionosphere
73,Cascading:low >= high,2,0,16,500,0.0,0.0,0.0,0.0,0.0,0.0,0.0,0.0,0.0,0.0,0.0,0.05271191596984863,0.20393011569976807,0.009330344200134278,RCA+kNN,ionosphere
74,Cascading:low >= high,2,0,16,1000,0.0,0.0,0.0,0.0,0.0,0.0,0.0,0.0,0.0,0.0,0.0,0.05342423915863037,0.20595922470092773,0.009330344200134278,RCA+kNN,ionosphere
75,Cascading:low >= high,2,0,32,10,0.0,0.0,0.0,0.0,0.0,0.0,0.0,0.0,0.0,0.0,0.0,0.05413656234741211,0.20718083381652833,0.009330344200134278,RCA+kNN,ionosphere
76,Cascading:low >= high,2,0,32,50,0.0,0.0,0.0,0.0,0.0,0.0,0.0,0.0,0.0,0.0,0.0,0.054848885536193846,0.20834894180297853,0.009330344200134278,RCA+kNN,ionosphere
77,Cascading:low >= high,2,0,32,100,0.0,0.0,0.0,0.0,0.0,0.0,0.0,0.0,0.0,0.0,0.0,0.05556120872497559,0.20963516235351562,0.009330344200134278,RCA+kNN,ionosphere
78,Cascading:low >= high,2,0,32,500,0.0,0.0,0.0,0.0,0.0,0.0,0.0,0.0,0.0,0.0,0.0,0.05627353191375732,0.2107816219329834,0.009330344200134278,RCA+kNN,ionosphere
79,Cascading:low >= high,2,0,32,1000,0.0,0.0,0.0,0.0,0.0,0.0,0.0,0.0,0.0,0.0,0.0,0.05698585510253906,0.21216969490051268,0.009330344200134278,RCA+kNN,ionosphere
80,"Input contains NaN, infinity or a value too large for dtype('float64').",4,0,1,10,0.0,0.0,0.0,0.0,0.0,0.0,0.0,0.0,0.0,0.0,0.0,0.057698178291320804,0.2137815237045288,0.009859466552734375,RCA+kNN,ionosphere
81,"Input contains NaN, infinity or a value too large for dtype('float64').",4,0,1,50,0.0,0.0,0.0,0.0,0.0,0.0,0.0,0.0,0.0,0.0,0.0,0.05841050148010254,0.21909816265106202,0.010367822647094727,RCA+kNN,ionosphere
82,"Input contains NaN, infinity or a value too large for dtype('float64').",4,0,1,100,0.0,0.0,0.0,0.0,0.0,0.0,0.0,0.0,0.0,0.0,0.0,0.05912282466888428,0.2286005973815918,0.010921072959899903,RCA+kNN,ionosphere
83,Cascading:low >= high,4,0,1,500,0.0,0.0,0.0,0.0,0.0,0.0,0.0,0.0,0.0,0.0,0.0,0.05983514785766601,0.237496280670166,0.010921072959899903,RCA+kNN,ionosphere
84,Cascading:low >= high,4,0,1,1000,0.0,0.0,0.0,0.0,0.0,0.0,0.0,0.0,0.0,0.0,0.0,0.060547471046447754,0.24500391483306885,0.010921072959899903,RCA+kNN,ionosphere
85,"Input contains NaN, infinity or a value too large for dtype('float64').",4,0,2,10,0.0,0.0,0.0,0.0,0.0,0.0,0.0,0.0,0.0,0.0,0.0,0.061259794235229495,0.24663026332855226,0.011513352394104004,RCA+kNN,ionosphere
86,"Input contains NaN, infinity or a value too large for dtype('float64').",4,0,2,50,0.0,0.0,0.0,0.0,0.0,0.8333333333333334,0.0,0.7647058823529411,0.0,0.7058823529411765,0.3530841213796974,0.06197211742401123,0.25201523303985596,0.012069344520568848,RCA+kNN,ionosphere
87,Cascading:low >= high,4,0,2,100,0.0,0.0,0.0,0.0,0.0,0.0,0.0,0.0,0.0,0.0,0.0,0.06268444061279296,0.25597310066223145,0.012069344520568848,RCA+kNN,ionosphere
88,Cascading:low >= high,4,0,2,500,0.0,0.0,0.0,0.0,0.0,0.0,0.0,0.0,0.0,0.0,0.0,0.0633967638015747,0.2599323272705078,0.012069344520568848,RCA+kNN,ionosphere
89,Cascading:low >= high,4,0,2,1000,0.0,0.0,0.0,0.0,0.0,0.0,0.0,0.0,0.0,0.0,0.0,0.06410908699035645,0.26400439739227294,0.012069344520568848,RCA+kNN,ionosphere
90,"Input contains NaN, infinity or a value too large for dtype('float64').",4,0,3,10,0.0,0.0,0.0,0.0,0.0,0.0,0.0,0.0,0.0,0.0,0.0,0.06482141017913819,0.2657570123672485,0.012599921226501465,RCA+kNN,ionosphere
91,Cascading:low >= high,4,0,3,50,0.0,0.0,0.0,0.0,0.0,0.0,0.0,0.0,0.0,0.0,0.0,0.06553373336791993,0.26868376731872556,0.012599921226501465,RCA+kNN,ionosphere
92,Cascading:low >= high,4,0,3,100,0.0,0.0,0.0,0.0,0.0,0.0,0.0,0.0,0.0,0.0,0.0,0.06624605655670165,0.2715564966201782,0.012599921226501465,RCA+kNN,ionosphere
93,Cascading:low >= high,4,0,3,500,0.0,0.0,0.0,0.0,0.0,0.0,0.0,0.0,0.0,0.0,0.0,0.0669583797454834,0.2744250774383545,0.012599921226501465,RCA+kNN,ionosphere
94,Cascading:low >= high,4,0,3,1000,0.0,0.0,0.0,0.0,0.0,0.0,0.0,0.0,0.0,0.0,0.0,0.06767070293426514,0.2773167371749878,0.012599921226501465,RCA+kNN,ionosphere
95,"Input contains NaN, infinity or a value too large for dtype('float64').",4,0,5,10,0.0,0.8823529411764706,0.0,0.0,0.8333333333333334,0.0,0.0,0.0,0.0,0.0,0.3433122802920221,0.06838302612304688,0.27915258407592775,0.013118267059326172,RCA+kNN,ionosphere
96,Cascading:low >= high,4,0,5,50,0.0,0.0,0.0,0.0,0.0,0.0,0.0,0.0,0.0,0.0,0.0,0.06909534931182862,0.2812386989593506,0.013118267059326172,RCA+kNN,ionosphere
97,Cascading:low >= high,4,0,5,100,0.0,0.0,0.0,0.0,0.0,0.0,0.0,0.0,0.0,0.0,0.0,0.06980767250061035,0.2837653636932373,0.013118267059326172,RCA+kNN,ionosphere
98,Cascading:low >= high,4,0,5,500,0.0,0.0,0.0,0.0,0.0,0.0,0.0,0.0,0.0,0.0,0.0,0.07051999568939209,0.28578529357910154,0.013118267059326172,RCA+kNN,ionosphere
99,Cascading:low >= high,4,0,5,1000,0.0,0.0,0.0,0.0,0.0,0.0,0.0,0.0,0.0,0.0,0.0,0.07123231887817383,0.28776576519012453,0.013118267059326172,RCA+kNN,ionosphere
100,"Input contains NaN, infinity or a value too large for dtype('float64').",4,0,7,10,0.7777777777777778,0.0,0.7222222222222222,0.8055555555555556,0.8333333333333334,0.0,0.7714285714285715,0.7647058823529411,0.8529411764705882,0.0,0.3635180893380394,0.07194464206695557,0.28958113193511964,0.013607621192932129,RCA+kNN,ionosphere
101,Cascading:low >= high,4,0,7,50,0.0,0.0,0.0,0.0,0.0,0.0,0.0,0.0,0.0,0.0,0.0,0.07265696525573731,0.29118444919586184,0.013607621192932129,RCA+kNN,ionosphere
102,Cascading:low >= high,4,0,7,100,0.0,0.0,0.0,0.0,0.0,0.0,0.0,0.0,0.0,0.0,0.0,0.07336928844451904,0.2928191900253296,0.013607621192932129,RCA+kNN,ionosphere
103,Cascading:low >= high,4,0,7,500,0.0,0.0,0.0,0.0,0.0,0.0,0.0,0.0,0.0,0.0,0.0,0.07408161163330078,0.29448139667510986,0.013607621192932129,RCA+kNN,ionosphere
104,Cascading:low >= high,4,0,7,1000,0.0,0.0,0.0,0.0,0.0,0.0,0.0,0.0,0.0,0.0,0.0,0.07479393482208252,0.29608423709869386,0.013607621192932129,RCA+kNN,ionosphere
105,"Input contains NaN, infinity or a value too large for dtype('float64').",4,0,10,10,0.0,0.7941176470588235,0.0,0.7222222222222222,0.75,0.0,0.0,0.0,0.0,0.0,0.3465686274509804,0.07550625801086426,0.2983790159225464,0.014122247695922852,RCA+kNN,ionosphere
106,Cascading:low >= high,4,0,10,50,0.0,0.0,0.0,0.0,0.0,0.0,0.0,0.0,0.0,0.0,0.0,0.076218581199646,0.29980285167694093,0.014122247695922852,RCA+kNN,ionosphere
107,Cascading:low >= high,4,0,10,100,0.0,0.0,0.0,0.0,0.0,0.0,0.0,0.0,0.0,0.0,0.0,0.07693090438842773,0.30109381675720215,0.014122247695922852,RCA+kNN,ionosphere
108,Cascading:low >= high,4,0,10,500,0.0,0.0,0.0,0.0,0.0,0.0,0.0,0.0,0.0,0.0,0.0,0.07764322757720947,0.3024393796920776,0.014122247695922852,RCA+kNN,ionosphere
109,Cascading:low >= high,4,0,10,1000,0.0,0.0,0.0,0.0,0.0,0.0,0.0,0.0,0.0,0.0,0.0,0.07835555076599121,0.30373082160949705,0.014122247695922852,RCA+kNN,ionosphere
110,Cascading:low >= high,4,0,16,10,0.0,0.0,0.0,0.0,0.0,0.0,0.0,0.0,0.0,0.0,0.0,0.07906787395477295,0.3053539514541626,0.014122247695922852,RCA+kNN,ionosphere
111,Cascading:low >= high,4,0,16,50,0.0,0.0,0.0,0.0,0.0,0.0,0.0,0.0,0.0,0.0,0.0,0.07978019714355469,0.30657711029052737,0.014122247695922852,RCA+kNN,ionosphere
112,Cascading:low >= high,4,0,16,100,0.0,0.0,0.0,0.0,0.0,0.0,0.0,0.0,0.0,0.0,0.0,0.08049252033233642,0.307662034034729,0.014122247695922852,RCA+kNN,ionosphere
113,Cascading:low >= high,4,0,16,500,0.0,0.0,0.0,0.0,0.0,0.0,0.0,0.0,0.0,0.0,0.0,0.08120484352111816,0.3100149631500244,0.014122247695922852,RCA+kNN,ionosphere
114,Cascading:low >= high,4,0,16,1000,0.0,0.0,0.0,0.0,0.0,0.0,0.0,0.0,0.0,0.0,0.0,0.0819171667098999,0.31204407215118407,0.014122247695922852,RCA+kNN,ionosphere
115,Cascading:low >= high,4,0,32,10,0.0,0.0,0.0,0.0,0.0,0.0,0.0,0.0,0.0,0.0,0.0,0.08262948989868164,0.31326568126678467,0.014122247695922852,RCA+kNN,ionosphere
116,Cascading:low >= high,4,0,32,50,0.0,0.0,0.0,0.0,0.0,0.0,0.0,0.0,0.0,0.0,0.0,0.08334181308746338,0.31443378925323484,0.014122247695922852,RCA+kNN,ionosphere
117,Cascading:low >= high,4,0,32,100,0.0,0.0,0.0,0.0,0.0,0.0,0.0,0.0,0.0,0.0,0.0,0.08405413627624511,0.31572000980377196,0.014122247695922852,RCA+kNN,ionosphere
118,Cascading:low >= high,4,0,32,500,0.0,0.0,0.0,0.0,0.0,0.0,0.0,0.0,0.0,0.0,0.0,0.08476645946502685,0.31686646938323976,0.014122247695922852,RCA+kNN,ionosphere
119,Cascading:low >= high,4,0,32,1000,0.0,0.0,0.0,0.0,0.0,0.0,0.0,0.0,0.0,0.0,0.0,0.0854787826538086,0.31825454235076905,0.014122247695922852,RCA+kNN,ionosphere
120,"Input contains NaN, infinity or a value too large for dtype('float64').",8,0,1,10,0.0,0.0,0.0,0.0,0.0,0.0,0.0,0.0,0.0,0.0,0.0,0.08619110584259033,0.31986637115478517,0.014643287658691407,RCA+kNN,ionosphere
121,"Input contains NaN, infinity or a value too large for dtype('float64').",8,0,1,50,0.0,0.0,0.0,0.0,0.0,0.0,0.0,0.0,0.0,0.0,0.0,0.08690342903137208,0.32518301010131834,0.01512143611907959,RCA+kNN,ionosphere
122,"Input contains NaN, infinity or a value too large for dtype('float64').",8,0,1,100,0.0,0.0,0.0,0.0,0.0,0.0,0.0,0.0,0.0,0.0,0.0,0.0876157522201538,0.33468544483184814,0.01585690975189209,RCA+kNN,ionosphere
123,Cascading:low >= high,8,0,1,500,0.0,0.0,0.0,0.0,0.0,0.0,0.0,0.0,0.0,0.0,0.0,0.08832807540893554,0.34358112812042235,0.01585690975189209,RCA+kNN,ionosphere
124,Cascading:low >= high,8,0,1,1000,0.0,0.0,0.0,0.0,0.0,0.0,0.0,0.0,0.0,0.0,0.0,0.08904039859771729,0.3510887622833252,0.01585690975189209,RCA+kNN,ionosphere
125,"Input contains NaN, infinity or a value too large for dtype('float64').",8,0,2,10,0.0,0.0,0.0,0.0,0.0,0.0,0.0,0.0,0.0,0.0,0.0,0.08975272178649903,0.35271511077880857,0.0165194034576416,RCA+kNN,ionosphere
126,"Input contains NaN, infinity or a value too large for dtype('float64').",8,0,2,50,0.0,0.0,0.0,0.0,0.0,0.6944444444444444,0.0,0.7058823529411765,0.0,0.6470588235294118,0.31305419908505105,0.09046504497528077,0.3581000804901123,0.017079615592956544,RCA+kNN,ionosphere
127,Cascading:low >= high,8,0,2,100,0.0,0.0,0.0,0.0,0.0,0.0,0.0,0.0,0.0,0.0,0.0,0.0911773681640625,0.3620579481124878,0.017079615592956544,RCA+kNN,ionosphere
128,Cascading:low >= high,8,0,2,500,0.0,0.0,0.0,0.0,0.0,0.0,0.0,0.0,0.0,0.0,0.0,0.09188969135284424,0.36601717472076417,0.017079615592956544,RCA+kNN,ionosphere
129,Cascading:low >= high,8,0,2,1000,0.0,0.0,0.0,0.0,0.0,0.0,0.0,0.0,0.0,0.0,0.0,0.09260201454162598,0.3700892448425293,0.017079615592956544,RCA+kNN,ionosphere
130,"Input contains NaN, infinity or a value too large for dtype('float64').",8,0,3,10,0.0,0.0,0.0,0.0,0.0,0.0,0.0,0.0,0.0,0.0,0.0,0.09331433773040772,0.3718418598175049,0.017607879638671876,RCA+kNN,ionosphere
131,Cascading:low >= high,8,0,3,50,0.0,0.0,0.0,0.0,0.0,0.0,0.0,0.0,0.0,0.0,0.0,0.09402666091918946,0.37476861476898193,0.017607879638671876,RCA+kNN,ionosphere
132,Cascading:low >= high,8,0,3,100,0.0,0.0,0.0,0.0,0.0,0.0,0.0,0.0,0.0,0.0,0.0,0.09473898410797119,0.3776413440704346,0.017607879638671876,RCA+kNN,ionosphere
133,Cascading:low >= high,8,0,3,500,0.0,0.0,0.0,0.0,0.0,0.0,0.0,0.0,0.0,0.0,0.0,0.09545130729675293,0.38050992488861085,0.017607879638671876,RCA+kNN,ionosphere
134,Cascading:low >= high,8,0,3,1000,0.0,0.0,0.0,0.0,0.0,0.0,0.0,0.0,0.0,0.0,0.0,0.09616363048553467,0.38340158462524415,0.017607879638671876,RCA+kNN,ionosphere
135,"Input contains NaN, infinity or a value too large for dtype('float64').",8,0,5,10,0.0,0.8235294117647058,0.0,0.0,0.75,0.0,0.0,0.0,0.0,0.0,0.31513508390413536,0.09687595367431641,0.38523743152618406,0.018112826347351074,RCA+kNN,ionosphere
136,Cascading:low >= high,8,0,5,50,0.0,0.0,0.0,0.0,0.0,0.0,0.0,0.0,0.0,0.0,0.0,0.09758827686309815,0.3873235464096069,0.018112826347351074,RCA+kNN,ionosphere
137,Cascading:low >= high,8,0,5,100,0.0,0.0,0.0,0.0,0.0,0.0,0.0,0.0,0.0,0.0,0.0,0.09830060005187988,0.38985021114349366,0.018112826347351074,RCA+kNN,ionosphere
138,Cascading:low >= high,8,0,5,500,0.0,0.0,0.0,0.0,0.0,0.0,0.0,0.0,0.0,0.0,0.0,0.09901292324066162,0.3918701410293579,0.018112826347351074,RCA+kNN,ionosphere
139,Cascading:low >= high,8,0,5,1000,0.0,0.0,0.0,0.0,0.0,0.0,0.0,0.0,0.0,0.0,0.0,0.09972524642944336,0.39385061264038085,0.018112826347351074,RCA+kNN,ionosphere
140,"Input contains NaN, infinity or a value too large for dtype('float64').",8,0,7,10,0.75,0.0,0.6388888888888888,0.6944444444444444,0.7222222222222222,0.0,0.7142857142857143,0.6764705882352942,0.8235294117647058,0.0,0.33176401703898756,0.1004375696182251,0.39566597938537595,0.01859560012817383,RCA+kNN,ionosphere
141,Cascading:low >= high,8,0,7,50,0.0,0.0,0.0,0.0,0.0,0.0,0.0,0.0,0.0,0.0,0.0,0.10114989280700684,0.39726929664611815,0.01859560012817383,RCA+kNN,ionosphere
142,Cascading:low >= high,8,0,7,100,0.0,0.0,0.0,0.0,0.0,0.0,0.0,0.0,0.0,0.0,0.0,0.10186221599578857,0.39890403747558595,0.01859560012817383,RCA+kNN,ionosphere
143,Cascading:low >= high,8,0,7,500,0.0,0.0,0.0,0.0,0.0,0.0,0.0,0.0,0.0,0.0,0.0,0.10257453918457031,0.40056624412536623,0.01859560012817383,RCA+kNN,ionosphere
144,Cascading:low >= high,8,0,7,1000,0.0,0.0,0.0,0.0,0.0,0.0,0.0,0.0,0.0,0.0,0.0,0.10328686237335205,0.4021690845489502,0.01859560012817383,RCA+kNN,ionosphere
145,"Input contains NaN, infinity or a value too large for dtype('float64').",8,0,10,10,0.0,0.7058823529411765,0.0,0.6388888888888888,0.75,0.0,0.0,0.0,0.0,0.0,0.32095829214706745,0.10399918556213379,0.4044638633728027,0.0192779541015625,RCA+kNN,ionosphere
146,Cascading:low >= high,8,0,10,50,0.0,0.0,0.0,0.0,0.0,0.0,0.0,0.0,0.0,0.0,0.0,0.10471150875091553,0.40588769912719724,0.0192779541015625,RCA+kNN,ionosphere
147,Cascading:low >= high,8,0,10,100,0.0,0.0,0.0,0.0,0.0,0.0,0.0,0.0,0.0,0.0,0.0,0.10542383193969726,0.4071786642074585,0.0192779541015625,RCA+kNN,ionosphere
148,Cascading:low >= high,8,0,10,500,0.0,0.0,0.0,0.0,0.0,0.0,0.0,0.0,0.0,0.0,0.0,0.106136155128479,0.408524227142334,0.0192779541015625,RCA+kNN,ionosphere
149,Cascading:low >= high,8,0,10,1000,0.0,0.0,0.0,0.0,0.0,0.0,0.0,0.0,0.0,0.0,0.0,0.10684847831726074,0.4098156690597534,0.0192779541015625,RCA+kNN,ionosphere
150,Cascading:low >= high,8,0,16,10,0.0,0.0,0.0,0.0,0.0,0.0,0.0,0.0,0.0,0.0,0.0,0.10756080150604248,0.4114387989044189,0.0192779541015625,RCA+kNN,ionosphere
151,Cascading:low >= high,8,0,16,50,0.0,0.0,0.0,0.0,0.0,0.0,0.0,0.0,0.0,0.0,0.0,0.10827312469482422,0.4126619577407837,0.0192779541015625,RCA+kNN,ionosphere
152,Cascading:low >= high,8,0,16,100,0.0,0.0,0.0,0.0,0.0,0.0,0.0,0.0,0.0,0.0,0.0,0.10898544788360595,0.41374688148498534,0.0192779541015625,RCA+kNN,ionosphere
153,Cascading:low >= high,8,0,16,500,0.0,0.0,0.0,0.0,0.0,0.0,0.0,0.0,0.0,0.0,0.0,0.10969777107238769,0.4160998106002808,0.0192779541015625,RCA+kNN,ionosphere
154,Cascading:low >= high,8,0,16,1000,0.0,0.0,0.0,0.0,0.0,0.0,0.0,0.0,0.0,0.0,0.0,0.11041009426116943,0.41812891960144044,0.0192779541015625,RCA+kNN,ionosphere
155,Cascading:low >= high,8,0,32,10,0.0,0.0,0.0,0.0,0.0,0.0,0.0,0.0,0.0,0.0,0.0,0.11112241744995117,0.41935052871704104,0.0192779541015625,RCA+kNN,ionosphere
156,Cascading:low >= high,8,0,32,50,0.0,0.0,0.0,0.0,0.0,0.0,0.0,0.0,0.0,0.0,0.0,0.11183474063873292,0.4205186367034912,0.0192779541015625,RCA+kNN,ionosphere
157,Cascading:low >= high,8,0,32,100,0.0,0.0,0.0,0.0,0.0,0.0,0.0,0.0,0.0,0.0,0.0,0.11254706382751464,0.42180485725402833,0.0192779541015625,RCA+kNN,ionosphere
158,Cascading:low >= high,8,0,32,500,0.0,0.0,0.0,0.0,0.0,0.0,0.0,0.0,0.0,0.0,0.0,0.11325938701629638,0.42295131683349607,0.0192779541015625,RCA+kNN,ionosphere
159,Cascading:low >= high,8,0,32,1000,0.0,0.0,0.0,0.0,0.0,0.0,0.0,0.0,0.0,0.0,0.0,0.11397171020507812,0.42433938980102537,0.0192779541015625,RCA+kNN,ionosphere
160,"Input contains NaN, infinity or a value too large for dtype('float64').",16,0,1,10,0.0,0.0,0.0,0.0,0.0,0.0,0.0,0.0,0.0,0.0,0.0,0.11468403339385987,0.4259512186050415,0.01980435848236084,RCA+kNN,ionosphere
161,"Input contains NaN, infinity or a value too large for dtype('float64').",16,0,1,50,0.0,0.0,0.0,0.0,0.0,0.0,0.0,0.0,0.0,0.0,0.0,0.11539635658264161,0.4312678575515747,0.02030313014984131,RCA+kNN,ionosphere
162,"Input contains NaN, infinity or a value too large for dtype('float64').",16,0,1,100,0.0,0.0,0.0,0.0,0.0,0.0,0.0,0.0,0.0,0.0,0.0,0.11610867977142333,0.4407702922821045,0.020801353454589843,RCA+kNN,ionosphere
163,Cascading:low >= high,16,0,1,500,0.0,0.0,0.0,0.0,0.0,0.0,0.0,0.0,0.0,0.0,0.0,0.11682100296020508,0.4496659755706787,0.020801353454589843,RCA+kNN,ionosphere
164,Cascading:low >= high,16,0,1,1000,0.0,0.0,0.0,0.0,0.0,0.0,0.0,0.0,0.0,0.0,0.0,0.11753332614898682,0.45717360973358157,0.020801353454589843,RCA+kNN,ionosphere
165,"Input contains NaN, infinity or a value too large for dtype('float64').",16,0,2,10,0.0,0.0,0.0,0.0,0.0,0.0,0.0,0.0,0.0,0.0,0.0,0.11824564933776856,0.45879995822906494,0.021299004554748535,RCA+kNN,ionosphere
166,"Input contains NaN, infinity or a value too large for dtype('float64').",16,0,2,50,0.0,0.0,0.0,0.0,0.0,0.6666666666666666,0.0,0.7058823529411765,0.0,0.6764705882352942,0.31312595900899953,0.1189579725265503,0.46418492794036864,0.021809101104736328,RCA+kNN,ionosphere
167,Cascading:low >= high,16,0,2,100,0.0,0.0,0.0,0.0,0.0,0.0,0.0,0.0,0.0,0.0,0.0,0.11967029571533203,0.46814279556274413,0.021809101104736328,RCA+kNN,ionosphere
168,Cascading:low >= high,16,0,2,500,0.0,0.0,0.0,0.0,0.0,0.0,0.0,0.0,0.0,0.0,0.0,0.12038261890411377,0.4721020221710205,0.021809101104736328,RCA+kNN,ionosphere
169,Cascading:low >= high,16,0,2,1000,0.0,0.0,0.0,0.0,0.0,0.0,0.0,0.0,0.0,0.0,0.0,0.12109494209289551,0.4761740922927856,0.021809101104736328,RCA+kNN,ionosphere
170,"Input contains NaN, infinity or a value too large for dtype('float64').",16,0,3,10,0.0,0.0,0.0,0.0,0.0,0.0,0.0,0.0,0.0,0.0,0.0,0.12180726528167725,0.4779267072677612,0.022309637069702147,RCA+kNN,ionosphere
171,Cascading:low >= high,16,0,3,50,0.0,0.0,0.0,0.0,0.0,0.0,0.0,0.0,0.0,0.0,0.0,0.12251958847045899,0.4808534622192383,0.022309637069702147,RCA+kNN,ionosphere
172,Cascading:low >= high,16,0,3,100,0.0,0.0,0.0,0.0,0.0,0.0,0.0,0.0,0.0,0.0,0.0,0.12323191165924072,0.4837261915206909,0.022309637069702147,RCA+kNN,ionosphere
173,Cascading:low >= high,16,0,3,500,0.0,0.0,0.0,0.0,0.0,0.0,0.0,0.0,0.0,0.0,0.0,0.12394423484802246,0.48659477233886717,0.022309637069702147,RCA+kNN,ionosphere
174,Cascading:low >= high,16,0,3,1000,0.0,0.0,0.0,0.0,0.0,0.0,0.0,0.0,0.0,0.0,0.0,0.1246565580368042,0.48948643207550047,0.022309637069702147,RCA+kNN,ionosphere
175,"Input contains NaN, infinity or a value too large for dtype('float64').",16,0,5,10,0.0,0.8235294117647058,0.0,0.0,0.7222222222222222,0.0,0.0,0.0,0.0,0.0,0.30997916364101014,0.12536888122558593,0.49132227897644043,0.022815871238708495,RCA+kNN,ionosphere
176,Cascading:low >= high,16,0,5,50,0.0,0.0,0.0,0.0,0.0,0.0,0.0,0.0,0.0,0.0,0.0,0.12608120441436768,0.4934083938598633,0.022815871238708495,RCA+kNN,ionosphere
177,Cascading:low >= high,16,0,5,100,0.0,0.0,0.0,0.0,0.0,0.0,0.0,0.0,0.0,0.0,0.0,0.1267935276031494,0.49593505859375,0.022815871238708495,RCA+kNN,ionosphere
178,Cascading:low >= high,16,0,5,500,0.0,0.0,0.0,0.0,0.0,0.0,0.0,0.0,0.0,0.0,0.0,0.12750585079193116,0.4979549884796143,0.022815871238708495,RCA+kNN,ionosphere
179,Cascading:low >= high,16,0,5,1000,0.0,0.0,0.0,0.0,0.0,0.0,0.0,0.0,0.0,0.0,0.0,0.1282181739807129,0.4999354600906372,0.022815871238708495,RCA+kNN,ionosphere
180,"Input contains NaN, infinity or a value too large for dtype('float64').",16,0,7,10,0.6388888888888888,0.0,0.6388888888888888,0.6666666666666666,0.6944444444444444,0.0,0.7142857142857143,0.6764705882352942,0.7058823529411765,0.0,0.3109051105721188,0.12893049716949462,0.5017508268356323,0.023291540145874024,RCA+kNN,ionosphere
181,Cascading:low >= high,16,0,7,50,0.0,0.0,0.0,0.0,0.0,0.0,0.0,0.0,0.0,0.0,0.0,0.12964282035827637,0.5033541440963745,0.023291540145874024,RCA+kNN,ionosphere
182,Cascading:low >= high,16,0,7,100,0.0,0.0,0.0,0.0,0.0,0.0,0.0,0.0,0.0,0.0,0.0,0.1303551435470581,0.5049888849258423,0.023291540145874024,RCA+kNN,ionosphere
183,Cascading:low >= high,16,0,7,500,0.0,0.0,0.0,0.0,0.0,0.0,0.0,0.0,0.0,0.0,0.0,0.13106746673583985,0.5066510915756226,0.023291540145874024,RCA+kNN,ionosphere
184,Cascading:low >= high,16,0,7,1000,0.0,0.0,0.0,0.0,0.0,0.0,0.0,0.0,0.0,0.0,0.0,0.13177978992462158,0.5082539319992065,0.023291540145874024,RCA+kNN,ionosphere
185,"Input contains NaN, infinity or a value too large for dtype('float64').",16,0,10,10,0.0,0.6470588235294118,0.0,0.6388888888888888,0.75,0.0,0.0,0.0,0.0,0.0,0.3122268125390282,0.1324921131134033,0.5105487108230591,0.02379746437072754,RCA+kNN,ionosphere
186,Cascading:low >= high,16,0,10,50,0.0,0.0,0.0,0.0,0.0,0.0,0.0,0.0,0.0,0.0,0.0,0.13320443630218506,0.5119725465774536,0.02379746437072754,RCA+kNN,ionosphere
187,Cascading:low >= high,16,0,10,100,0.0,0.0,0.0,0.0,0.0,0.0,0.0,0.0,0.0,0.0,0.0,0.1339167594909668,0.5132635116577149,0.02379746437072754,RCA+kNN,ionosphere
188,Cascading:low >= high,16,0,10,500,0.0,0.0,0.0,0.0,0.0,0.0,0.0,0.0,0.0,0.0,0.0,0.13462908267974855,0.5146090745925903,0.02379746437072754,RCA+kNN,ionosphere
189,Cascading:low >= high,16,0,10,1000,0.0,0.0,0.0,0.0,0.0,0.0,0.0,0.0,0.0,0.0,0.0,0.13534140586853027,0.5159005165100098,0.02379746437072754,RCA+kNN,ionosphere
190,Cascading:low >= high,16,0,16,10,0.0,0.0,0.0,0.0,0.0,0.0,0.0,0.0,0.0,0.0,0.0,0.136053729057312,0.5175236463546753,0.02379746437072754,RCA+kNN,ionosphere
191,Cascading:low >= high,16,0,16,50,0.0,0.0,0.0,0.0,0.0,0.0,0.0,0.0,0.0,0.0,0.0,0.13676605224609376,0.51874680519104,0.02379746437072754,RCA+kNN,ionosphere
192,Cascading:low >= high,16,0,16,100,0.0,0.0,0.0,0.0,0.0,0.0,0.0,0.0,0.0,0.0,0.0,0.13747837543487548,0.5198317289352417,0.02379746437072754,RCA+kNN,ionosphere
193,Cascading:low >= high,16,0,16,500,0.0,0.0,0.0,0.0,0.0,0.0,0.0,0.0,0.0,0.0,0.0,0.13819069862365724,0.5221846580505372,0.02379746437072754,RCA+kNN,ionosphere
194,Cascading:low >= high,16,0,16,1000,0.0,0.0,0.0,0.0,0.0,0.0,0.0,0.0,0.0,0.0,0.0,0.13890302181243896,0.5242137670516968,0.02379746437072754,RCA+kNN,ionosphere
195,Cascading:low >= high,16,0,32,10,0.0,0.0,0.0,0.0,0.0,0.0,0.0,0.0,0.0,0.0,0.0,0.1396153450012207,0.5254353761672974,0.02379746437072754,RCA+kNN,ionosphere
196,Cascading:low >= high,16,0,32,50,0.0,0.0,0.0,0.0,0.0,0.0,0.0,0.0,0.0,0.0,0.0,0.14032766819000245,0.5266034841537476,0.02379746437072754,RCA+kNN,ionosphere
197,Cascading:low >= high,16,0,32,100,0.0,0.0,0.0,0.0,0.0,0.0,0.0,0.0,0.0,0.0,0.0,0.14103999137878417,0.5278897047042846,0.02379746437072754,RCA+kNN,ionosphere
198,Cascading:low >= high,16,0,32,500,0.0,0.0,0.0,0.0,0.0,0.0,0.0,0.0,0.0,0.0,0.0,0.14175231456756593,0.5290361642837524,0.02379746437072754,RCA+kNN,ionosphere
199,Cascading:low >= high,16,0,32,1000,0.0,0.0,0.0,0.0,0.0,0.0,0.0,0.0,0.0,0.0,0.0,0.14246463775634766,0.5304242372512817,0.02379746437072754,RCA+kNN,ionosphere
200,"Input contains NaN, infinity or a value too large for dtype('float64').",32,0,1,10,0.0,0.0,0.0,0.0,0.0,0.0,0.0,0.0,0.0,0.0,0.0,0.14317696094512938,0.5320360660552979,0.024366354942321776,RCA+kNN,ionosphere
201,"Input contains NaN, infinity or a value too large for dtype('float64').",32,0,1,50,0.0,0.0,0.0,0.0,0.0,0.0,0.0,0.0,0.0,0.0,0.0,0.14388928413391114,0.5373527050018311,0.024918651580810545,RCA+kNN,ionosphere
202,"Input contains NaN, infinity or a value too large for dtype('float64').",32,0,1,100,0.0,0.0,0.0,0.0,0.0,0.0,0.0,0.0,0.0,0.0,0.0,0.14460160732269287,0.5468551397323609,0.025405359268188477,RCA+kNN,ionosphere
203,Cascading:low >= high,32,0,1,500,0.0,0.0,0.0,0.0,0.0,0.0,0.0,0.0,0.0,0.0,0.0,0.14531393051147462,0.555750823020935,0.025405359268188477,RCA+kNN,ionosphere
204,Cascading:low >= high,32,0,1,1000,0.0,0.0,0.0,0.0,0.0,0.0,0.0,0.0,0.0,0.0,0.0,0.14602625370025635,0.5632584571838379,0.025405359268188477,RCA+kNN,ionosphere
205,"Input contains NaN, infinity or a value too large for dtype('float64').",32,0,2,10,0.0,0.0,0.0,0.0,0.0,0.0,0.0,0.0,0.0,0.0,0.0,0.14673857688903807,0.5648848056793213,0.025890398025512695,RCA+kNN,ionosphere
206,"Input contains NaN, infinity or a value too large for dtype('float64').",32,0,2,50,0.0,0.0,0.0,0.0,0.0,0.6666666666666666,0.0,0.6764705882352942,0.0,0.6470588235294118,0.3040812357313017,0.14745090007781983,0.570269775390625,0.02638664245605469,RCA+kNN,ionosphere
207,Cascading:low >= high,32,0,2,100,0.0,0.0,0.0,0.0,0.0,0.0,0.0,0.0,0.0,0.0,0.0,0.14816322326660156,0.5742276430130004,0.02638664245605469,RCA+kNN,ionosphere
208,Cascading:low >= high,32,0,2,500,0.0,0.0,0.0,0.0,0.0,0.0,0.0,0.0,0.0,0.0,0.0,0.1488755464553833,0.5781868696212769,0.02638664245605469,RCA+kNN,ionosphere
209,Cascading:low >= high,32,0,2,1000,0.0,0.0,0.0,0.0,0.0,0.0,0.0,0.0,0.0,0.0,0.0,0.14958786964416504,0.582258939743042,0.02638664245605469,RCA+kNN,ionosphere
210,"Input contains NaN, infinity or a value too large for dtype('float64').",32,0,3,10,0.0,0.0,0.0,0.0,0.0,0.0,0.0,0.0,0.0,0.0,0.0,0.15030019283294677,0.5840115547180176,0.02687864303588867,RCA+kNN,ionosphere
211,Cascading:low >= high,32,0,3,50,0.0,0.0,0.0,0.0,0.0,0.0,0.0,0.0,0.0,0.0,0.0,0.15101251602172852,0.5869383096694947,0.02687864303588867,RCA+kNN,ionosphere
212,Cascading:low >= high,32,0,3,100,0.0,0.0,0.0,0.0,0.0,0.0,0.0,0.0,0.0,0.0,0.0,0.15172483921051025,0.5898110389709472,0.02687864303588867,RCA+kNN,ionosphere
213,Cascading:low >= high,32,0,3,500,0.0,0.0,0.0,0.0,0.0,0.0,0.0,0.0,0.0,0.0,0.0,0.152437162399292,0.5926796197891235,0.02687864303588867,RCA+kNN,ionosphere
214,Cascading:low >= high,32,0,3,1000,0.0,0.0,0.0,0.0,0.0,0.0,0.0,0.0,0.0,0.0,0.0,0.15314948558807373,0.5955712795257568,0.02687864303588867,RCA+kNN,ionosphere
215,"Input contains NaN, infinity or a value too large for dtype('float64').",32,0,5,10,0.0,0.7941176470588235,0.0,0.0,0.6388888888888888,0.0,0.0,0.0,0.0,0.0,0.28869552759075345,0.15386180877685546,0.5974071264266968,0.027571678161621094,RCA+kNN,ionosphere
216,Cascading:low >= high,32,0,5,50,0.0,0.0,0.0,0.0,0.0,0.0,0.0,0.0,0.0,0.0,0.0,0.1545741319656372,0.5994932413101196,0.027571678161621094,RCA+kNN,ionosphere
217,Cascading:low >= high,32,0,5,100,0.0,0.0,0.0,0.0,0.0,0.0,0.0,0.0,0.0,0.0,0.0,0.15528645515441894,0.6020199060440063,0.027571678161621094,RCA+kNN,ionosphere
218,Cascading:low >= high,32,0,5,500,0.0,0.0,0.0,0.0,0.0,0.0,0.0,0.0,0.0,0.0,0.0,0.1559987783432007,0.6040398359298706,0.027571678161621094,RCA+kNN,ionosphere
219,Cascading:low >= high,32,0,5,1000,0.0,0.0,0.0,0.0,0.0,0.0,0.0,0.0,0.0,0.0,0.0,0.15671110153198242,0.6060203075408935,0.027571678161621094,RCA+kNN,ionosphere
220,"Input contains NaN, infinity or a value too large for dtype('float64').",32,0,7,10,0.6388888888888888,0.0,0.6388888888888888,0.6388888888888888,0.6666666666666666,0.0,0.6285714285714286,0.6764705882352942,0.6470588235294118,0.0,0.2972145329191684,0.15742342472076415,0.6078356742858887,0.02822582721710205,RCA+kNN,ionosphere
221,Cascading:low >= high,32,0,7,50,0.0,0.0,0.0,0.0,0.0,0.0,0.0,0.0,0.0,0.0,0.0,0.1581357479095459,0.6094389915466308,0.02822582721710205,RCA+kNN,ionosphere
222,Cascading:low >= high,32,0,7,100,0.0,0.0,0.0,0.0,0.0,0.0,0.0,0.0,0.0,0.0,0.0,0.15884807109832763,0.6110737323760986,0.02822582721710205,RCA+kNN,ionosphere
223,Cascading:low >= high,32,0,7,500,0.0,0.0,0.0,0.0,0.0,0.0,0.0,0.0,0.0,0.0,0.0,0.15956039428710939,0.6127359390258789,0.02822582721710205,RCA+kNN,ionosphere
224,Cascading:low >= high,32,0,7,1000,0.0,0.0,0.0,0.0,0.0,0.0,0.0,0.0,0.0,0.0,0.0,0.1602727174758911,0.6143387794494629,0.02822582721710205,RCA+kNN,ionosphere
225,"Input contains NaN, infinity or a value too large for dtype('float64').",32,0,10,10,0.0,0.6470588235294118,0.0,0.6388888888888888,0.6944444444444444,0.0,0.0,0.0,0.0,0.0,0.302807184587214,0.16098504066467284,0.6166335582733155,0.02927982807159424,RCA+kNN,ionosphere
226,Cascading:low >= high,32,0,10,50,0.0,0.0,0.0,0.0,0.0,0.0,0.0,0.0,0.0,0.0,0.0,0.1616973638534546,0.61805739402771,0.02927982807159424,RCA+kNN,ionosphere
227,Cascading:low >= high,32,0,10,100,0.0,0.0,0.0,0.0,0.0,0.0,0.0,0.0,0.0,0.0,0.0,0.16240968704223632,0.6193483591079711,0.02927982807159424,RCA+kNN,ionosphere
228,Cascading:low >= high,32,0,10,500,0.0,0.0,0.0,0.0,0.0,0.0,0.0,0.0,0.0,0.0,0.0,0.16312201023101808,0.6206939220428467,0.02927982807159424,RCA+kNN,ionosphere
229,Cascading:low >= high,32,0,10,1000,0.0,0.0,0.0,0.0,0.0,0.0,0.0,0.0,0.0,0.0,0.0,0.1638343334197998,0.6219853639602662,0.02927982807159424,RCA+kNN,ionosphere
230,Cascading:low >= high,32,0,16,10,0.0,0.0,0.0,0.0,0.0,0.0,0.0,0.0,0.0,0.0,0.0,0.16454665660858153,0.6236084938049317,0.02927982807159424,RCA+kNN,ionosphere
231,Cascading:low >= high,32,0,16,50,0.0,0.0,0.0,0.0,0.0,0.0,0.0,0.0,0.0,0.0,0.0,0.1652589797973633,0.6248316526412964,0.02927982807159424,RCA+kNN,ionosphere
232,Cascading:low >= high,32,0,16,100,0.0,0.0,0.0,0.0,0.0,0.0,0.0,0.0,0.0,0.0,0.0,0.16597130298614501,0.625916576385498,0.02927982807159424,RCA+kNN,ionosphere
233,Cascading:low >= high,32,0,16,500,0.0,0.0,0.0,0.0,0.0,0.0,0.0,0.0,0.0,0.0,0.0,0.16668362617492677,0.6282695055007934,0.02927982807159424,RCA+kNN,ionosphere
234,Cascading:low >= high,32,0,16,1000,0.0,0.0,0.0,0.0,0.0,0.0,0.0,0.0,0.0,0.0,0.0,0.1673959493637085,0.6302986145019531,0.02927982807159424,RCA+kNN,ionosphere
235,Cascading:low >= high,32,0,32,10,0.0,0.0,0.0,0.0,0.0,0.0,0.0,0.0,0.0,0.0,0.0,0.16810827255249022,0.6315202236175537,0.02927982807159424,RCA+kNN,ionosphere
236,Cascading:low >= high,32,0,32,50,0.0,0.0,0.0,0.0,0.0,0.0,0.0,0.0,0.0,0.0,0.0,0.16882059574127198,0.632688331604004,0.02927982807159424,RCA+kNN,ionosphere
237,Cascading:low >= high,32,0,32,100,0.0,0.0,0.0,0.0,0.0,0.0,0.0,0.0,0.0,0.0,0.0,0.1695329189300537,0.633974552154541,0.02927982807159424,RCA+kNN,ionosphere
238,Cascading:low >= high,32,0,32,500,0.0,0.0,0.0,0.0,0.0,0.0,0.0,0.0,0.0,0.0,0.0,0.17024524211883546,0.6351210117340088,0.02927982807159424,RCA+kNN,ionosphere
239,Cascading:low >= high,32,0,32,1000,0.0,0.0,0.0,0.0,0.0,0.0,0.0,0.0,0.0,0.0,0.0,0.1709575653076172,0.6365090847015381,0.02927982807159424,RCA+kNN,ionosphere
240,"Input contains NaN, infinity or a value too large for dtype('float64').",64,0,1,10,0.0,0.0,0.0,0.0,0.0,0.0,0.0,0.0,0.0,0.0,0.0,0.17166988849639891,0.6381209135055542,0.0299375057220459,RCA+kNN,ionosphere
241,"Input contains NaN, infinity or a value too large for dtype('float64').",64,0,1,50,0.0,0.0,0.0,0.0,0.0,0.0,0.0,0.0,0.0,0.0,0.0,0.17238221168518067,0.6434375524520874,0.03067934513092041,RCA+kNN,ionosphere
242,"Input contains NaN, infinity or a value too large for dtype('float64').",64,0,1,100,0.0,0.0,0.0,0.0,0.0,0.0,0.0,0.0,0.0,0.0,0.0,0.1730945348739624,0.6529399871826171,0.031602787971496585,RCA+kNN,ionosphere
243,Cascading:low >= high,64,0,1,500,0.0,0.0,0.0,0.0,0.0,0.0,0.0,0.0,0.0,0.0,0.0,0.17380685806274415,0.6618356704711914,0.031602787971496585,RCA+kNN,ionosphere
244,Cascading:low >= high,64,0,1,1000,0.0,0.0,0.0,0.0,0.0,0.0,0.0,0.0,0.0,0.0,0.0,0.17451918125152588,0.6693433046340942,0.031602787971496585,RCA+kNN,ionosphere
245,"Input contains NaN, infinity or a value too large for dtype('float64').",64,0,2,10,0.0,0.0,0.0,0.0,0.0,0.0,0.0,0.0,0.0,0.0,0.0,0.1752315044403076,0.6709696531295777,0.03231692314147949,RCA+kNN,ionosphere
246,"Input contains NaN, infinity or a value too large for dtype('float64').",64,0,2,50,0.0,0.0,0.0,0.0,0.0,0.6666666666666666,0.0,0.6470588235294118,0.0,0.6470588235294118,0.29955753607008173,0.17594382762908936,0.6763546228408813,0.03310692310333252,RCA+kNN,ionosphere
247,Cascading:low >= high,64,0,2,100,0.0,0.0,0.0,0.0,0.0,0.0,0.0,0.0,0.0,0.0,0.0,0.1766561508178711,0.6803124904632568,0.03310692310333252,RCA+kNN,ionosphere
248,Cascading:low >= high,64,0,2,500,0.0,0.0,0.0,0.0,0.0,0.0,0.0,0.0,0.0,0.0,0.0,0.17736847400665284,0.6842717170715332,0.03310692310333252,RCA+kNN,ionosphere
249,Cascading:low >= high,64,0,2,1000,0.0,0.0,0.0,0.0,0.0,0.0,0.0,0.0,0.0,0.0,0.0,0.17808079719543457,0.6883437871932984,0.03310692310333252,RCA+kNN,ionosphere
250,"Input contains NaN, infinity or a value too large for dtype('float64').",64,0,3,10,0.0,0.0,0.0,0.0,0.0,0.0,0.0,0.0,0.0,0.0,0.0,0.1787931203842163,0.690096402168274,0.03363618850708008,RCA+kNN,ionosphere
251,Cascading:low >= high,64,0,3,50,0.0,0.0,0.0,0.0,0.0,0.0,0.0,0.0,0.0,0.0,0.0,0.17950544357299805,0.6930231571197509,0.03363618850708008,RCA+kNN,ionosphere
252,Cascading:low >= high,64,0,3,100,0.0,0.0,0.0,0.0,0.0,0.0,0.0,0.0,0.0,0.0,0.0,0.18021776676177978,0.6958958864212036,0.03363618850708008,RCA+kNN,ionosphere
253,Cascading:low >= high,64,0,3,500,0.0,0.0,0.0,0.0,0.0,0.0,0.0,0.0,0.0,0.0,0.0,0.18093008995056153,0.6987644672393799,0.03363618850708008,RCA+kNN,ionosphere
254,Cascading:low >= high,64,0,3,1000,0.0,0.0,0.0,0.0,0.0,0.0,0.0,0.0,0.0,0.0,0.0,0.18164241313934326,0.7016561269760132,0.03363618850708008,RCA+kNN,ionosphere
255,"Input contains NaN, infinity or a value too large for dtype('float64').",64,0,5,10,0.0,0.7058823529411765,0.0,0.0,0.6388888888888888,0.0,0.0,0.0,0.0,0.0,0.2693711081861106,0.182354736328125,0.7034919738769532,0.034157967567443846,RCA+kNN,ionosphere
256,Cascading:low >= high,64,0,5,50,0.0,0.0,0.0,0.0,0.0,0.0,0.0,0.0,0.0,0.0,0.0,0.18306705951690674,0.705578088760376,0.034157967567443846,RCA+kNN,ionosphere
257,Cascading:low >= high,64,0,5,100,0.0,0.0,0.0,0.0,0.0,0.0,0.0,0.0,0.0,0.0,0.0,0.18377938270568847,0.7081047534942627,0.034157967567443846,RCA+kNN,ionosphere
258,Cascading:low >= high,64,0,5,500,0.0,0.0,0.0,0.0,0.0,0.0,0.0,0.0,0.0,0.0,0.0,0.18449170589447023,0.7101246833801269,0.034157967567443846,RCA+kNN,ionosphere
259,Cascading:low >= high,64,0,5,1000,0.0,0.0,0.0,0.0,0.0,0.0,0.0,0.0,0.0,0.0,0.0,0.18520402908325195,0.7121051549911499,0.034157967567443846,RCA+kNN,ionosphere
260,"Input contains NaN, infinity or a value too large for dtype('float64').",64,0,7,10,0.6388888888888888,0.0,0.6388888888888888,0.6388888888888888,0.6666666666666666,0.0,0.6285714285714286,0.6764705882352942,0.6470588235294118,0.0,0.2972145329191684,0.18591635227203368,0.7139205217361451,0.03464648723602295,RCA+kNN,ionosphere
261,Cascading:low >= high,64,0,7,50,0.0,0.0,0.0,0.0,0.0,0.0,0.0,0.0,0.0,0.0,0.0,0.18662867546081544,0.7155238389968872,0.03464648723602295,RCA+kNN,ionosphere
262,Cascading:low >= high,64,0,7,100,0.0,0.0,0.0,0.0,0.0,0.0,0.0,0.0,0.0,0.0,0.0,0.18734099864959716,0.717158579826355,0.03464648723602295,RCA+kNN,ionosphere
263,Cascading:low >= high,64,0,7,500,0.0,0.0,0.0,0.0,0.0,0.0,0.0,0.0,0.0,0.0,0.0,0.18805332183837892,0.7188207864761352,0.03464648723602295,RCA+kNN,ionosphere
264,Cascading:low >= high,64,0,7,1000,0.0,0.0,0.0,0.0,0.0,0.0,0.0,0.0,0.0,0.0,0.0,0.18876564502716064,0.7204236268997193,0.03464648723602295,RCA+kNN,ionosphere
265,"Input contains NaN, infinity or a value too large for dtype('float64').",64,0,10,10,0.0,0.6470588235294118,0.0,0.6388888888888888,0.6388888888888888,0.0,0.0,0.0,0.0,0.0,0.2940312146057699,0.18947796821594237,0.7227184057235718,0.03519186973571777,RCA+kNN,ionosphere
266,Cascading:low >= high,64,0,10,50,0.0,0.0,0.0,0.0,0.0,0.0,0.0,0.0,0.0,0.0,0.0,0.19019029140472413,0.7241422414779664,0.03519186973571777,RCA+kNN,ionosphere
267,Cascading:low >= high,64,0,10,100,0.0,0.0,0.0,0.0,0.0,0.0,0.0,0.0,0.0,0.0,0.0,0.19090261459350585,0.7254332065582275,0.03519186973571777,RCA+kNN,ionosphere
268,Cascading:low >= high,64,0,10,500,0.0,0.0,0.0,0.0,0.0,0.0,0.0,0.0,0.0,0.0,0.0,0.1916149377822876,0.726778769493103,0.03519186973571777,RCA+kNN,ionosphere
269,Cascading:low >= high,64,0,10,1000,0.0,0.0,0.0,0.0,0.0,0.0,0.0,0.0,0.0,0.0,0.0,0.19232726097106934,0.7280702114105224,0.03519186973571777,RCA+kNN,ionosphere
270,Cascading:low >= high,64,0,16,10,0.0,0.0,0.0,0.0,0.0,0.0,0.0,0.0,0.0,0.0,0.0,0.19303958415985106,0.729693341255188,0.03519186973571777,RCA+kNN,ionosphere
271,Cascading:low >= high,64,0,16,50,0.0,0.0,0.0,0.0,0.0,0.0,0.0,0.0,0.0,0.0,0.0,0.19375190734863282,0.7309165000915527,0.03519186973571777,RCA+kNN,ionosphere
272,Cascading:low >= high,64,0,16,100,0.0,0.0,0.0,0.0,0.0,0.0,0.0,0.0,0.0,0.0,0.0,0.19446423053741455,0.7320014238357544,0.03519186973571777,RCA+kNN,ionosphere
273,Cascading:low >= high,64,0,16,500,0.0,0.0,0.0,0.0,0.0,0.0,0.0,0.0,0.0,0.0,0.0,0.1951765537261963,0.7343543529510498,0.03519186973571777,RCA+kNN,ionosphere
274,Cascading:low >= high,64,0,16,1000,0.0,0.0,0.0,0.0,0.0,0.0,0.0,0.0,0.0,0.0,0.0,0.19588887691497803,0.7363834619522095,0.03519186973571777,RCA+kNN,ionosphere
275,Cascading:low >= high,64,0,32,10,0.0,0.0,0.0,0.0,0.0,0.0,0.0,0.0,0.0,0.0,0.0,0.19660120010375975,0.73760507106781,0.03519186973571777,RCA+kNN,ionosphere
276,Cascading:low >= high,64,0,32,50,0.0,0.0,0.0,0.0,0.0,0.0,0.0,0.0,0.0,0.0,0.0,0.1973135232925415,0.7387731790542602,0.03519186973571777,RCA+kNN,ionosphere
277,Cascading:low >= high,64,0,32,100,0.0,0.0,0.0,0.0,0.0,0.0,0.0,0.0,0.0,0.0,0.0,0.19802584648132324,0.7400593996047974,0.03519186973571777,RCA+kNN,ionosphere
278,Cascading:low >= high,64,0,32,500,0.0,0.0,0.0,0.0,0.0,0.0,0.0,0.0,0.0,0.0,0.0,0.198738169670105,0.7412058591842652,0.03519186973571777,RCA+kNN,ionosphere
279,Cascading:low >= high,64,0,32,1000,0.0,0.0,0.0,0.0,0.0,0.0,0.0,0.0,0.0,0.0,0.0,0.19945049285888672,0.7425939321517945,0.03519186973571777,RCA+kNN,ionosphere
280,"Input contains NaN, infinity or a value too large for dtype('float64').",128,0,1,10,0.0,0.0,0.0,0.0,0.0,0.0,0.0,0.0,0.0,0.0,0.0,0.20016281604766845,0.7442057609558106,0.035855674743652345,RCA+kNN,ionosphere
281,"Input contains NaN, infinity or a value too large for dtype('float64').",128,0,1,50,0.0,0.0,0.0,0.0,0.0,0.0,0.0,0.0,0.0,0.0,0.0,0.2008751392364502,0.7495223999023437,0.036345171928405764,RCA+kNN,ionosphere
282,"Input contains NaN, infinity or a value too large for dtype('float64').",128,0,1,100,0.0,0.0,0.0,0.0,0.0,0.0,0.0,0.0,0.0,0.0,0.0,0.20158746242523193,0.7590248346328735,0.03682982921600342,RCA+kNN,ionosphere
283,Cascading:low >= high,128,0,1,500,0.0,0.0,0.0,0.0,0.0,0.0,0.0,0.0,0.0,0.0,0.0,0.20229978561401368,0.7679205179214478,0.03682982921600342,RCA+kNN,ionosphere
284,Cascading:low >= high,128,0,1,1000,0.0,0.0,0.0,0.0,0.0,0.0,0.0,0.0,0.0,0.0,0.0,0.2030121088027954,0.7754281520843506,0.03682982921600342,RCA+kNN,ionosphere
285,"Input contains NaN, infinity or a value too large for dtype('float64').",128,0,2,10,0.0,0.0,0.0,0.0,0.0,0.0,0.0,0.0,0.0,0.0,0.0,0.20372443199157714,0.7770545005798339,0.03731613159179688,RCA+kNN,ionosphere
286,"Input contains NaN, infinity or a value too large for dtype('float64').",128,0,2,50,0.0,0.0,0.0,0.0,0.0,0.6388888888888888,0.0,0.6470588235294118,0.0,0.6470588235294118,0.2952791607544553,0.2044367551803589,0.7824394702911377,0.03781905174255371,RCA+kNN,ionosphere
287,Cascading:low >= high,128,0,2,100,0.0,0.0,0.0,0.0,0.0,0.0,0.0,0.0,0.0,0.0,0.0,0.20514907836914062,0.7863973379135132,0.03781905174255371,RCA+kNN,ionosphere
288,Cascading:low >= high,128,0,2,500,0.0,0.0,0.0,0.0,0.0,0.0,0.0,0.0,0.0,0.0,0.0,0.20586140155792237,0.7903565645217896,0.03781905174255371,RCA+kNN,ionosphere
289,Cascading:low >= high,128,0,2,1000,0.0,0.0,0.0,0.0,0.0,0.0,0.0,0.0,0.0,0.0,0.0,0.2065737247467041,0.7944286346435547,0.03781905174255371,RCA+kNN,ionosphere
290,"Input contains NaN, infinity or a value too large for dtype('float64').",128,0,3,10,0.0,0.0,0.0,0.0,0.0,0.0,0.0,0.0,0.0,0.0,0.0,0.20728604793548583,0.7961812496185303,0.038331103324890134,RCA+kNN,ionosphere
291,Cascading:low >= high,128,0,3,50,0.0,0.0,0.0,0.0,0.0,0.0,0.0,0.0,0.0,0.0,0.0,0.20799837112426758,0.7991080045700073,0.038331103324890134,RCA+kNN,ionosphere
292,Cascading:low >= high,128,0,3,100,0.0,0.0,0.0,0.0,0.0,0.0,0.0,0.0,0.0,0.0,0.0,0.2087106943130493,0.80198073387146,0.038331103324890134,RCA+kNN,ionosphere
293,Cascading:low >= high,128,0,3,500,0.0,0.0,0.0,0.0,0.0,0.0,0.0,0.0,0.0,0.0,0.0,0.20942301750183107,0.8048493146896363,0.038331103324890134,RCA+kNN,ionosphere
294,Cascading:low >= high,128,0,3,1000,0.0,0.0,0.0,0.0,0.0,0.0,0.0,0.0,0.0,0.0,0.0,0.2101353406906128,0.8077409744262696,0.038331103324890134,RCA+kNN,ionosphere
295,"Input contains NaN, infinity or a value too large for dtype('float64').",128,0,5,10,0.0,0.6470588235294118,0.0,0.0,0.6388888888888888,0.0,0.0,0.0,0.0,0.0,0.2571960305964226,0.21084766387939452,0.8095768213272094,0.03883175849914551,RCA+kNN,ionosphere
296,Cascading:low >= high,128,0,5,50,0.0,0.0,0.0,0.0,0.0,0.0,0.0,0.0,0.0,0.0,0.0,0.21155998706817628,0.8116629362106323,0.03883175849914551,RCA+kNN,ionosphere
297,Cascading:low >= high,128,0,5,100,0.0,0.0,0.0,0.0,0.0,0.0,0.0,0.0,0.0,0.0,0.0,0.212272310256958,0.8141896009445191,0.03883175849914551,RCA+kNN,ionosphere
298,Cascading:low >= high,128,0,5,500,0.0,0.0,0.0,0.0,0.0,0.0,0.0,0.0,0.0,0.0,0.0,0.21298463344573976,0.8162095308303833,0.03883175849914551,RCA+kNN,ionosphere
299,Cascading:low >= high,128,0,5,1000,0.0,0.0,0.0,0.0,0.0,0.0,0.0,0.0,0.0,0.0,0.0,0.21369695663452148,0.8181900024414063,0.03883175849914551,RCA+kNN,ionosphere
300,"Input contains NaN, infinity or a value too large for dtype('float64').",128,0,7,10,0.6388888888888888,0.0,0.6388888888888888,0.6388888888888888,0.6388888888888888,0.0,0.6285714285714286,0.6470588235294118,0.6470588235294118,0.0,0.2932099648271055,0.2144092798233032,0.8200053691864013,0.03930683135986328,RCA+kNN,ionosphere
301,Cascading:low >= high,128,0,7,50,0.0,0.0,0.0,0.0,0.0,0.0,0.0,0.0,0.0,0.0,0.0,0.21512160301208497,0.8216086864471436,0.03930683135986328,RCA+kNN,ionosphere
302,Cascading:low >= high,128,0,7,100,0.0,0.0,0.0,0.0,0.0,0.0,0.0,0.0,0.0,0.0,0.0,0.2158339262008667,0.8232434272766114,0.03930683135986328,RCA+kNN,ionosphere
303,Cascading:low >= high,128,0,7,500,0.0,0.0,0.0,0.0,0.0,0.0,0.0,0.0,0.0,0.0,0.0,0.21654624938964845,0.8249056339263916,0.03930683135986328,RCA+kNN,ionosphere
304,Cascading:low >= high,128,0,7,1000,0.0,0.0,0.0,0.0,0.0,0.0,0.0,0.0,0.0,0.0,0.0,0.21725857257843018,0.8265084743499755,0.03930683135986328,RCA+kNN,ionosphere
305,"Input contains NaN, infinity or a value too large for dtype('float64').",128,0,10,10,0.0,0.6470588235294118,0.0,0.6388888888888888,0.6388888888888888,0.0,0.0,0.0,0.0,0.0,0.2940312146057699,0.2179708957672119,0.8288032531738281,0.03979334831237793,RCA+kNN,ionosphere
306,Cascading:low >= high,128,0,10,50,0.0,0.0,0.0,0.0,0.0,0.0,0.0,0.0,0.0,0.0,0.0,0.21868321895599366,0.8302270889282226,0.03979334831237793,RCA+kNN,ionosphere
307,Cascading:low >= high,128,0,10,100,0.0,0.0,0.0,0.0,0.0,0.0,0.0,0.0,0.0,0.0,0.0,0.21939554214477539,0.8315180540084839,0.03979334831237793,RCA+kNN,ionosphere
308,Cascading:low >= high,128,0,10,500,0.0,0.0,0.0,0.0,0.0,0.0,0.0,0.0,0.0,0.0,0.0,0.22010786533355714,0.8328636169433594,0.03979334831237793,RCA+kNN,ionosphere
309,Cascading:low >= high,128,0,10,1000,0.0,0.0,0.0,0.0,0.0,0.0,0.0,0.0,0.0,0.0,0.0,0.22082018852233887,0.8341550588607788,0.03979334831237793,RCA+kNN,ionosphere
310,Cascading:low >= high,128,0,16,10,0.0,0.0,0.0,0.0,0.0,0.0,0.0,0.0,0.0,0.0,0.0,0.2215325117111206,0.8357781887054443,0.03979334831237793,RCA+kNN,ionosphere
311,Cascading:low >= high,128,0,16,50,0.0,0.0,0.0,0.0,0.0,0.0,0.0,0.0,0.0,0.0,0.0,0.22224483489990235,0.8370013475418091,0.03979334831237793,RCA+kNN,ionosphere
312,Cascading:low >= high,128,0,16,100,0.0,0.0,0.0,0.0,0.0,0.0,0.0,0.0,0.0,0.0,0.0,0.22295715808868408,0.8380862712860108,0.03979334831237793,RCA+kNN,ionosphere
313,Cascading:low >= high,128,0,16,500,0.0,0.0,0.0,0.0,0.0,0.0,0.0,0.0,0.0,0.0,0.0,0.22366948127746583,0.8404392004013062,0.03979334831237793,RCA+kNN,ionosphere
314,Cascading:low >= high,128,0,16,1000,0.0,0.0,0.0,0.0,0.0,0.0,0.0,0.0,0.0,0.0,0.0,0.22438180446624756,0.8424683094024659,0.03979334831237793,RCA+kNN,ionosphere
315,Cascading:low >= high,128,0,32,10,0.0,0.0,0.0,0.0,0.0,0.0,0.0,0.0,0.0,0.0,0.0,0.22509412765502929,0.8436899185180664,0.03979334831237793,RCA+kNN,ionosphere
316,Cascading:low >= high,128,0,32,50,0.0,0.0,0.0,0.0,0.0,0.0,0.0,0.0,0.0,0.0,0.0,0.22580645084381104,0.8448580265045166,0.03979334831237793,RCA+kNN,ionosphere
317,Cascading:low >= high,128,0,32,100,0.0,0.0,0.0,0.0,0.0,0.0,0.0,0.0,0.0,0.0,0.0,0.22651877403259277,0.8461442470550538,0.03979334831237793,RCA+kNN,ionosphere
318,Cascading:low >= high,128,0,32,500,0.0,0.0,0.0,0.0,0.0,0.0,0.0,0.0,0.0,0.0,0.0,0.22723109722137452,0.8472907066345214,0.03979334831237793,RCA+kNN,ionosphere
319,Cascading:low >= high,128,0,32,1000,0.0,0.0,0.0,0.0,0.0,0.0,0.0,0.0,0.0,0.0,0.0,0.22794342041015625,0.8486787796020507,0.03979334831237793,RCA+kNN,ionosphere
