,error,knn__n_neighbors,lfda__k,lfda__metric,mean,score1,score10,score2,score3,score4,score5,score6,score7,score8,score9,std,time1,time2,time3,technique,dataset
0,,1,1,weighted,0.9887640449438202,1.0,1.0,1.0,1.0,0.9444444444444444,1.0,0.9444444444444444,1.0,1.0,1.0,0.022222222222222233,0.00282742977142334,0.15526821613311767,0.0005837202072143555,stand+LFDA+kNN,wine
1,,1,1,orthonormalized,0.949438202247191,0.9473684210526315,1.0,0.9444444444444444,0.9444444444444444,0.8888888888888888,0.9444444444444444,0.9444444444444444,0.9444444444444444,1.0,0.9411764705882353,0.02995606271610931,0.00565485954284668,0.1722938060760498,0.0011144638061523437,stand+LFDA+kNN,wine
2,,1,2,weighted,0.9831460674157303,0.9473684210526315,1.0,1.0,1.0,0.9444444444444444,1.0,0.9444444444444444,1.0,1.0,1.0,0.025023500462379746,0.00848228931427002,0.18985328674316407,0.0016460418701171875,stand+LFDA+kNN,wine
3,,1,2,orthonormalized,0.949438202247191,0.9473684210526315,1.0,0.9444444444444444,0.9444444444444444,0.8888888888888888,0.9444444444444444,0.9444444444444444,0.9444444444444444,1.0,0.9411764705882353,0.02995606271610931,0.01130971908569336,0.20941011905670165,0.0021715164184570312,stand+LFDA+kNN,wine
4,,1,3,weighted,0.9831460674157303,0.9473684210526315,1.0,1.0,1.0,0.9444444444444444,1.0,0.9444444444444444,1.0,1.0,1.0,0.025023500462379746,0.0141371488571167,0.22455112934112548,0.0026962757110595703,stand+LFDA+kNN,wine
5,,1,3,orthonormalized,0.949438202247191,0.9473684210526315,1.0,0.9444444444444444,0.9444444444444444,0.8888888888888888,0.9444444444444444,0.9444444444444444,0.9444444444444444,1.0,0.9411764705882353,0.02995606271610931,0.01696457862854004,0.24895424842834474,0.0032119035720825197,stand+LFDA+kNN,wine
6,,1,4,weighted,0.9831460674157303,0.9473684210526315,1.0,1.0,1.0,0.9444444444444444,1.0,0.9444444444444444,1.0,1.0,1.0,0.025023500462379746,0.019792008399963378,0.2644012928009033,0.0037336349487304688,stand+LFDA+kNN,wine
7,,1,4,orthonormalized,0.949438202247191,0.9473684210526315,1.0,0.9444444444444444,0.9444444444444444,0.8888888888888888,0.9444444444444444,0.9444444444444444,0.9444444444444444,1.0,0.9411764705882353,0.02995606271610931,0.02261943817138672,0.2829277038574219,0.004253745079040527,stand+LFDA+kNN,wine
8,,1,5,weighted,0.9831460674157303,0.9473684210526315,1.0,1.0,1.0,0.9444444444444444,1.0,0.9444444444444444,1.0,1.0,1.0,0.025023500462379746,0.025446867942810057,0.29851222038269043,0.004779052734375,stand+LFDA+kNN,wine
9,,1,5,orthonormalized,0.949438202247191,0.9473684210526315,1.0,0.9444444444444444,0.9444444444444444,0.8888888888888888,0.9444444444444444,0.9444444444444444,0.9444444444444444,1.0,0.9411764705882353,0.02995606271610931,0.0282742977142334,0.31521902084350584,0.005291867256164551,stand+LFDA+kNN,wine
10,,1,6,weighted,0.9831460674157303,0.9473684210526315,1.0,1.0,1.0,0.9444444444444444,1.0,0.9444444444444444,1.0,1.0,1.0,0.025023500462379746,0.03110172748565674,0.3325503349304199,0.005812144279479981,stand+LFDA+kNN,wine
11,,1,6,orthonormalized,0.949438202247191,0.9473684210526315,1.0,0.9444444444444444,0.9444444444444444,0.8888888888888888,0.9444444444444444,0.9444444444444444,0.9444444444444444,1.0,0.9411764705882353,0.02995606271610931,0.03392915725708008,0.3471968650817871,0.006333065032958984,stand+LFDA+kNN,wine
12,,1,7,weighted,0.9831460674157303,0.9473684210526315,1.0,1.0,1.0,0.9444444444444444,1.0,0.9444444444444444,1.0,1.0,1.0,0.025023500462379746,0.036756587028503415,0.36118323802948,0.006856322288513184,stand+LFDA+kNN,wine
13,,1,7,orthonormalized,0.949438202247191,0.9473684210526315,1.0,0.9444444444444444,0.9444444444444444,0.8888888888888888,0.9444444444444444,0.9444444444444444,0.9444444444444444,1.0,0.9411764705882353,0.02995606271610931,0.039584016799926756,0.37661921977996826,0.007371187210083008,stand+LFDA+kNN,wine
14,,1,8,weighted,0.9831460674157303,0.9473684210526315,1.0,1.0,1.0,0.9444444444444444,1.0,0.9444444444444444,1.0,1.0,1.0,0.025023500462379746,0.0424114465713501,0.39379379749298093,0.007887482643127441,stand+LFDA+kNN,wine
15,,1,8,orthonormalized,0.949438202247191,0.9473684210526315,1.0,0.9444444444444444,0.9444444444444444,0.8888888888888888,0.9444444444444444,0.9444444444444444,0.9444444444444444,1.0,0.9411764705882353,0.02995606271610931,0.04523887634277344,0.4099839210510254,0.008401775360107422,stand+LFDA+kNN,wine
16,,1,9,weighted,0.9831460674157303,0.9473684210526315,1.0,1.0,1.0,0.9444444444444444,1.0,0.9444444444444444,1.0,1.0,1.0,0.025023500462379746,0.04806630611419678,0.4275739908218384,0.008918213844299316,stand+LFDA+kNN,wine
17,,1,9,orthonormalized,0.949438202247191,0.9473684210526315,1.0,0.9444444444444444,0.9444444444444444,0.8888888888888888,0.9444444444444444,0.9444444444444444,0.9444444444444444,1.0,0.9411764705882353,0.02995606271610931,0.050893735885620114,0.44409348964691164,0.009434032440185546,stand+LFDA+kNN,wine
18,,1,10,weighted,0.9831460674157303,0.9473684210526315,1.0,1.0,1.0,0.9444444444444444,1.0,0.9444444444444444,1.0,1.0,1.0,0.025023500462379746,0.053721165657043456,0.4568222761154175,0.009952592849731445,stand+LFDA+kNN,wine
19,,1,10,orthonormalized,0.949438202247191,0.9473684210526315,1.0,0.9444444444444444,0.9444444444444444,0.8888888888888888,0.9444444444444444,0.9444444444444444,0.9444444444444444,1.0,0.9411764705882353,0.02995606271610931,0.0565485954284668,0.4744340658187866,0.010472965240478516,stand+LFDA+kNN,wine
20,,1,11,weighted,0.9831460674157303,0.9473684210526315,1.0,1.0,1.0,0.9444444444444444,1.0,0.9444444444444444,1.0,1.0,1.0,0.025023500462379746,0.05937602519989014,0.4871302366256714,0.010993385314941406,stand+LFDA+kNN,wine
21,,1,11,orthonormalized,0.949438202247191,0.9473684210526315,1.0,0.9444444444444444,0.9444444444444444,0.8888888888888888,0.9444444444444444,0.9444444444444444,0.9444444444444444,1.0,0.9411764705882353,0.02995606271610931,0.06220345497131348,0.5029378414154053,0.011515021324157715,stand+LFDA+kNN,wine
22,,1,12,weighted,0.9831460674157303,0.9473684210526315,1.0,1.0,1.0,0.9444444444444444,1.0,0.9444444444444444,1.0,1.0,1.0,0.025023500462379746,0.06503088474273681,0.516720962524414,0.0120361328125,stand+LFDA+kNN,wine
23,,1,12,orthonormalized,0.949438202247191,0.9473684210526315,1.0,0.9444444444444444,0.9444444444444444,0.8888888888888888,0.9444444444444444,0.9444444444444444,0.9444444444444444,1.0,0.9411764705882353,0.02995606271610931,0.06785831451416016,0.5251858949661254,0.012553167343139649,stand+LFDA+kNN,wine
24,,2,1,weighted,0.9831460674157303,0.9473684210526315,1.0,1.0,1.0,1.0,1.0,0.9444444444444444,1.0,1.0,0.9411764705882353,0.02554888311044876,0.0706857442855835,0.6804541110992431,0.01307528018951416,stand+LFDA+kNN,wine
25,,2,1,orthonormalized,0.9325842696629213,0.9473684210526315,1.0,0.8888888888888888,0.9444444444444444,0.8333333333333334,0.8888888888888888,0.9444444444444444,0.9444444444444444,1.0,0.9411764705882353,0.04844415671583812,0.07351317405700683,0.6974797010421753,0.013587212562561036,stand+LFDA+kNN,wine
26,,2,2,weighted,0.9887640449438202,0.9473684210526315,1.0,1.0,1.0,1.0,1.0,0.9444444444444444,1.0,1.0,1.0,0.021647302946058027,0.07634060382843018,0.7150391817092896,0.014106345176696778,stand+LFDA+kNN,wine
27,,2,2,orthonormalized,0.9325842696629213,0.9473684210526315,1.0,0.8888888888888888,0.9444444444444444,0.8333333333333334,0.8888888888888888,0.9444444444444444,0.9444444444444444,1.0,0.9411764705882353,0.04844415671583812,0.07916803359985351,0.7345960140228271,0.01462571620941162,stand+LFDA+kNN,wine
28,,2,3,weighted,0.9887640449438202,0.9473684210526315,1.0,1.0,1.0,1.0,1.0,0.9444444444444444,1.0,1.0,1.0,0.021647302946058027,0.08199546337127686,0.749737024307251,0.015141510963439941,stand+LFDA+kNN,wine
29,,2,3,orthonormalized,0.9325842696629213,0.9473684210526315,1.0,0.8888888888888888,0.9444444444444444,0.8333333333333334,0.8888888888888888,0.9444444444444444,0.9444444444444444,1.0,0.9411764705882353,0.04844415671583812,0.0848228931427002,0.7741401433944702,0.01565372943878174,stand+LFDA+kNN,wine
30,,2,4,weighted,0.9887640449438202,0.9473684210526315,1.0,1.0,1.0,1.0,1.0,0.9444444444444444,1.0,1.0,1.0,0.021647302946058027,0.08765032291412353,0.7895871877670289,0.016171574592590332,stand+LFDA+kNN,wine
31,,2,4,orthonormalized,0.9325842696629213,0.9473684210526315,1.0,0.8888888888888888,0.9444444444444444,0.8333333333333334,0.8888888888888888,0.9444444444444444,0.9444444444444444,1.0,0.9411764705882353,0.04844415671583812,0.09047775268554688,0.8081135988235474,0.01668670177459717,stand+LFDA+kNN,wine
32,,2,5,weighted,0.9887640449438202,0.9473684210526315,1.0,1.0,1.0,1.0,1.0,0.9444444444444444,1.0,1.0,1.0,0.021647302946058027,0.09330518245697021,0.8236981153488159,0.017205691337585448,stand+LFDA+kNN,wine
33,,2,5,orthonormalized,0.9325842696629213,0.9473684210526315,1.0,0.8888888888888888,0.9444444444444444,0.8333333333333334,0.8888888888888888,0.9444444444444444,0.9444444444444444,1.0,0.9411764705882353,0.04844415671583812,0.09613261222839356,0.8404049158096314,0.017724990844726562,stand+LFDA+kNN,wine
34,,2,6,weighted,0.9887640449438202,0.9473684210526315,1.0,1.0,1.0,1.0,1.0,0.9444444444444444,1.0,1.0,1.0,0.021647302946058027,0.0989600419998169,0.8577362298965454,0.018240761756896973,stand+LFDA+kNN,wine
35,,2,6,orthonormalized,0.9325842696629213,0.9473684210526315,1.0,0.8888888888888888,0.9444444444444444,0.8333333333333334,0.8888888888888888,0.9444444444444444,0.9444444444444444,1.0,0.9411764705882353,0.04844415671583812,0.10178747177124023,0.8723827600479126,0.01875455379486084,stand+LFDA+kNN,wine
36,,2,7,weighted,0.9887640449438202,0.9473684210526315,1.0,1.0,1.0,1.0,1.0,0.9444444444444444,1.0,1.0,1.0,0.021647302946058027,0.10461490154266358,0.8863691329956055,0.019270920753479005,stand+LFDA+kNN,wine
37,,2,7,orthonormalized,0.9325842696629213,0.9473684210526315,1.0,0.8888888888888888,0.9444444444444444,0.8333333333333334,0.8888888888888888,0.9444444444444444,0.9444444444444444,1.0,0.9411764705882353,0.04844415671583812,0.10744233131408691,0.9018051147460937,0.01978590488433838,stand+LFDA+kNN,wine
38,,2,8,weighted,0.9887640449438202,0.9473684210526315,1.0,1.0,1.0,1.0,1.0,0.9444444444444444,1.0,1.0,1.0,0.021647302946058027,0.11026976108551026,0.9189796924591065,0.020305418968200685,stand+LFDA+kNN,wine
39,,2,8,orthonormalized,0.9325842696629213,0.9473684210526315,1.0,0.8888888888888888,0.9444444444444444,0.8333333333333334,0.8888888888888888,0.9444444444444444,0.9444444444444444,1.0,0.9411764705882353,0.04844415671583812,0.1130971908569336,0.9351698160171509,0.020818305015563966,stand+LFDA+kNN,wine
40,,2,9,weighted,0.9831460674157303,0.9473684210526315,1.0,1.0,1.0,1.0,1.0,0.9444444444444444,1.0,1.0,0.9411764705882353,0.02554888311044876,0.11592462062835693,0.9527598857879639,0.021335673332214356,stand+LFDA+kNN,wine
41,,2,9,orthonormalized,0.9325842696629213,0.9473684210526315,1.0,0.8888888888888888,0.9444444444444444,0.8333333333333334,0.8888888888888888,0.9444444444444444,0.9444444444444444,1.0,0.9411764705882353,0.04844415671583812,0.11875205039978028,0.9692793846130371,0.021849608421325682,stand+LFDA+kNN,wine
42,,2,10,weighted,0.9831460674157303,0.9473684210526315,1.0,1.0,1.0,0.9444444444444444,1.0,0.9444444444444444,1.0,1.0,1.0,0.025023500462379746,0.12157948017120361,0.9820081710815429,0.022366714477539063,stand+LFDA+kNN,wine
43,,2,10,orthonormalized,0.9325842696629213,0.9473684210526315,1.0,0.8888888888888888,0.9444444444444444,0.8333333333333334,0.8888888888888888,0.9444444444444444,0.9444444444444444,1.0,0.9411764705882353,0.04844415671583812,0.12440690994262696,0.9996199607849121,0.022876834869384764,stand+LFDA+kNN,wine
44,,2,11,weighted,0.9887640449438202,0.9473684210526315,1.0,1.0,1.0,1.0,1.0,0.9444444444444444,1.0,1.0,1.0,0.021647302946058027,0.1272343397140503,1.0123161315917968,0.02338869571685791,stand+LFDA+kNN,wine
45,,2,11,orthonormalized,0.9325842696629213,0.9473684210526315,1.0,0.8888888888888888,0.9444444444444444,0.8333333333333334,0.8888888888888888,0.9444444444444444,0.9444444444444444,1.0,0.9411764705882353,0.04844415671583812,0.13006176948547363,1.0281237363815308,0.023900341987609864,stand+LFDA+kNN,wine
46,,2,12,weighted,0.9887640449438202,0.9473684210526315,1.0,1.0,1.0,1.0,1.0,0.9444444444444444,1.0,1.0,1.0,0.021647302946058027,0.13288919925689696,1.0419068574905395,0.024413204193115233,stand+LFDA+kNN,wine
47,,2,12,orthonormalized,0.9325842696629213,0.9473684210526315,1.0,0.8888888888888888,0.9444444444444444,0.8333333333333334,0.8888888888888888,0.9444444444444444,0.9444444444444444,1.0,0.9411764705882353,0.04844415671583812,0.13571662902832032,1.0503717899322509,0.024926114082336425,stand+LFDA+kNN,wine
48,,4,1,weighted,0.9831460674157303,0.9473684210526315,1.0,1.0,1.0,1.0,1.0,0.9444444444444444,1.0,1.0,0.9411764705882353,0.02554888311044876,0.13854405879974366,1.2056400060653687,0.02544426918029785,stand+LFDA+kNN,wine
49,,4,1,orthonormalized,0.9550561797752809,0.9473684210526315,1.0,0.9444444444444444,0.8888888888888888,0.8888888888888888,0.9444444444444444,1.0,1.0,1.0,0.9411764705882353,0.04160626450366912,0.141371488571167,1.2226655960083008,0.025960731506347656,stand+LFDA+kNN,wine
50,,4,2,weighted,0.9887640449438202,0.9473684210526315,1.0,1.0,1.0,1.0,1.0,0.9444444444444444,1.0,1.0,1.0,0.021647302946058027,0.14419891834259033,1.240225076675415,0.026479816436767577,stand+LFDA+kNN,wine
51,,4,2,orthonormalized,0.9550561797752809,0.9473684210526315,1.0,0.9444444444444444,0.8888888888888888,0.8888888888888888,0.9444444444444444,1.0,1.0,1.0,0.9411764705882353,0.04160626450366912,0.14702634811401366,1.2597819089889526,0.02699284553527832,stand+LFDA+kNN,wine
52,,4,3,weighted,0.9831460674157303,0.9473684210526315,1.0,1.0,1.0,1.0,1.0,0.9444444444444444,0.9444444444444444,1.0,1.0,0.025023500462379746,0.14985377788543702,1.2749229192733764,0.027512431144714355,stand+LFDA+kNN,wine
53,,4,3,orthonormalized,0.9550561797752809,0.9473684210526315,1.0,0.9444444444444444,0.8888888888888888,0.8888888888888888,0.9444444444444444,1.0,1.0,1.0,0.9411764705882353,0.04160626450366912,0.15268120765686036,1.2993260383605958,0.028025722503662108,stand+LFDA+kNN,wine
54,,4,4,weighted,0.9775280898876404,0.9473684210526315,1.0,1.0,1.0,1.0,0.9444444444444444,0.9444444444444444,0.9444444444444444,1.0,1.0,0.026870374595105623,0.1555086374282837,1.3147730827331543,0.02854290008544922,stand+LFDA+kNN,wine
55,,4,4,orthonormalized,0.9550561797752809,0.9473684210526315,1.0,0.9444444444444444,0.8888888888888888,0.8888888888888888,0.9444444444444444,1.0,1.0,1.0,0.9411764705882353,0.04160626450366912,0.15833606719970703,1.333299493789673,0.029057788848876952,stand+LFDA+kNN,wine
56,,4,5,weighted,0.9775280898876404,0.9473684210526315,1.0,1.0,1.0,1.0,0.9444444444444444,0.9444444444444444,0.9444444444444444,1.0,1.0,0.026870374595105623,0.16116349697113036,1.3488840103149413,0.02957766056060791,stand+LFDA+kNN,wine
57,,4,5,orthonormalized,0.9550561797752809,0.9473684210526315,1.0,0.9444444444444444,0.8888888888888888,0.8888888888888888,0.9444444444444444,1.0,1.0,1.0,0.9411764705882353,0.04160626450366912,0.16399092674255372,1.3655908107757568,0.030095648765563966,stand+LFDA+kNN,wine
58,,4,6,weighted,0.9831460674157303,0.9473684210526315,1.0,1.0,1.0,1.0,1.0,0.9444444444444444,0.9444444444444444,1.0,1.0,0.025023500462379746,0.16681835651397706,1.3829221248626709,0.030626869201660155,stand+LFDA+kNN,wine
59,,4,6,orthonormalized,0.9550561797752809,0.9473684210526315,1.0,0.9444444444444444,0.8888888888888888,0.8888888888888888,0.9444444444444444,1.0,1.0,1.0,0.9411764705882353,0.04160626450366912,0.1696457862854004,1.397568655014038,0.031146645545959473,stand+LFDA+kNN,wine
60,,4,7,weighted,0.9887640449438202,0.9473684210526315,1.0,1.0,1.0,1.0,1.0,0.9444444444444444,1.0,1.0,1.0,0.021647302946058027,0.17247321605682372,1.411555027961731,0.03166489601135254,stand+LFDA+kNN,wine
61,,4,7,orthonormalized,0.9550561797752809,0.9473684210526315,1.0,0.9444444444444444,0.8888888888888888,0.8888888888888888,0.9444444444444444,1.0,1.0,1.0,0.9411764705882353,0.04160626450366912,0.17530064582824706,1.4269910097122191,0.03217999935150147,stand+LFDA+kNN,wine
62,,4,8,weighted,0.9775280898876404,0.9473684210526315,0.9375,1.0,1.0,1.0,1.0,0.9444444444444444,0.9444444444444444,1.0,1.0,0.027803951388563817,0.17812807559967042,1.444165587425232,0.03269948959350586,stand+LFDA+kNN,wine
63,,4,8,orthonormalized,0.9550561797752809,0.9473684210526315,1.0,0.9444444444444444,0.8888888888888888,0.8888888888888888,0.9444444444444444,1.0,1.0,1.0,0.9411764705882353,0.04160626450366912,0.18095550537109376,1.4603557109832763,0.03321521282196045,stand+LFDA+kNN,wine
64,,4,9,weighted,0.9775280898876404,0.9473684210526315,1.0,1.0,1.0,1.0,0.9444444444444444,0.9444444444444444,1.0,1.0,0.9411764705882353,0.0272938784642179,0.1837829351425171,1.4779457807540894,0.03373103141784668,stand+LFDA+kNN,wine
65,,4,9,orthonormalized,0.9550561797752809,0.9473684210526315,1.0,0.9444444444444444,0.8888888888888888,0.8888888888888888,0.9444444444444444,1.0,1.0,1.0,0.9411764705882353,0.04160626450366912,0.18661036491394042,1.4944652795791626,0.034244108200073245,stand+LFDA+kNN,wine
66,,4,10,weighted,0.9831460674157303,0.9473684210526315,1.0,1.0,1.0,0.9444444444444444,1.0,0.9444444444444444,1.0,1.0,1.0,0.025023500462379746,0.18943779468536376,1.5071940660476684,0.03477723598480224,stand+LFDA+kNN,wine
67,,4,10,orthonormalized,0.9550561797752809,0.9473684210526315,1.0,0.9444444444444444,0.8888888888888888,0.8888888888888888,0.9444444444444444,1.0,1.0,1.0,0.9411764705882353,0.04160626450366912,0.19226522445678712,1.5248058557510376,0.03531036376953125,stand+LFDA+kNN,wine
68,,4,11,weighted,0.9775280898876404,0.9473684210526315,1.0,1.0,1.0,1.0,0.9444444444444444,0.9444444444444444,0.9444444444444444,1.0,1.0,0.026870374595105623,0.19509265422821045,1.5375020265579225,0.03583385944366455,stand+LFDA+kNN,wine
69,,4,11,orthonormalized,0.9550561797752809,0.9473684210526315,1.0,0.9444444444444444,0.8888888888888888,0.8888888888888888,0.9444444444444444,1.0,1.0,1.0,0.9411764705882353,0.04160626450366912,0.1979200839996338,1.5533096313476562,0.03635470867156983,stand+LFDA+kNN,wine
70,,4,12,weighted,0.9831460674157303,0.9473684210526315,1.0,1.0,1.0,1.0,1.0,0.9444444444444444,0.9444444444444444,1.0,1.0,0.025023500462379746,0.20074751377105712,1.5670927524566651,0.03687806129455566,stand+LFDA+kNN,wine
71,,4,12,orthonormalized,0.9550561797752809,0.9473684210526315,1.0,0.9444444444444444,0.8888888888888888,0.8888888888888888,0.9444444444444444,1.0,1.0,1.0,0.9411764705882353,0.04160626450366912,0.20357494354248046,1.5755576848983766,0.037394165992736816,stand+LFDA+kNN,wine
72,,8,1,weighted,0.9775280898876404,0.9473684210526315,1.0,1.0,0.9444444444444444,1.0,1.0,0.9444444444444444,0.9444444444444444,1.0,1.0,0.026870374595105623,0.20640237331390382,1.7308259010314941,0.037914061546325685,stand+LFDA+kNN,wine
73,,8,1,orthonormalized,0.9550561797752809,0.9473684210526315,1.0,1.0,0.8888888888888888,0.8333333333333334,0.9444444444444444,1.0,1.0,1.0,0.9411764705882353,0.05445777398300305,0.20922980308532715,1.7478514909744263,0.038428878784179686,stand+LFDA+kNN,wine
74,,8,2,weighted,0.9775280898876404,0.9473684210526315,1.0,1.0,0.9444444444444444,1.0,1.0,0.9444444444444444,0.9444444444444444,1.0,1.0,0.026870374595105623,0.2120572328567505,1.7654109716415405,0.03894903659820557,stand+LFDA+kNN,wine
75,,8,2,orthonormalized,0.9550561797752809,0.9473684210526315,1.0,1.0,0.8888888888888888,0.8333333333333334,0.9444444444444444,1.0,1.0,1.0,0.9411764705882353,0.05445777398300305,0.21488466262817382,1.784967803955078,0.03946352005004883,stand+LFDA+kNN,wine
76,,8,3,weighted,0.9719101123595506,0.9473684210526315,1.0,1.0,0.9444444444444444,0.9444444444444444,1.0,0.9444444444444444,0.9444444444444444,1.0,1.0,0.027497819755576032,0.21771209239959716,1.8001088142395019,0.03998136520385742,stand+LFDA+kNN,wine
77,,8,3,orthonormalized,0.9550561797752809,0.9473684210526315,1.0,1.0,0.8888888888888888,0.8333333333333334,0.9444444444444444,1.0,1.0,1.0,0.9411764705882353,0.05445777398300305,0.22053952217102052,1.8245119333267212,0.040496206283569335,stand+LFDA+kNN,wine
78,,8,4,weighted,0.9775280898876404,0.9473684210526315,1.0,1.0,0.9444444444444444,1.0,1.0,0.9444444444444444,0.9444444444444444,1.0,1.0,0.026870374595105623,0.22336695194244385,1.8399589776992797,0.04101498126983642,stand+LFDA+kNN,wine
79,,8,4,orthonormalized,0.9550561797752809,0.9473684210526315,1.0,1.0,0.8888888888888888,0.8333333333333334,0.9444444444444444,1.0,1.0,1.0,0.9411764705882353,0.05445777398300305,0.2261943817138672,1.8584853887557984,0.041528844833374025,stand+LFDA+kNN,wine
80,,8,5,weighted,0.9719101123595506,0.9473684210526315,1.0,1.0,0.9444444444444444,0.9444444444444444,1.0,0.9444444444444444,0.9444444444444444,1.0,1.0,0.027497819755576032,0.22902181148529052,1.874069905281067,0.04204990863800049,stand+LFDA+kNN,wine
81,,8,5,orthonormalized,0.9550561797752809,0.9473684210526315,1.0,1.0,0.8888888888888888,0.8333333333333334,0.9444444444444444,1.0,1.0,1.0,0.9411764705882353,0.05445777398300305,0.23184924125671386,1.8907767057418823,0.04257025718688965,stand+LFDA+kNN,wine
82,,8,6,weighted,0.9719101123595506,0.9473684210526315,1.0,1.0,0.9444444444444444,0.9444444444444444,1.0,0.9444444444444444,0.9444444444444444,1.0,1.0,0.027497819755576032,0.23467667102813722,1.9081080198287963,0.04309091567993164,stand+LFDA+kNN,wine
83,,8,6,orthonormalized,0.9550561797752809,0.9473684210526315,1.0,1.0,0.8888888888888888,0.8333333333333334,0.9444444444444444,1.0,1.0,1.0,0.9411764705882353,0.05445777398300305,0.23750410079956055,1.9227545499801635,0.04361181259155274,stand+LFDA+kNN,wine
84,,8,7,weighted,0.9775280898876404,0.9473684210526315,1.0,1.0,0.9444444444444444,0.9444444444444444,1.0,0.9444444444444444,1.0,1.0,1.0,0.02687037459510562,0.2403315305709839,1.9367409229278565,0.044133782386779785,stand+LFDA+kNN,wine
85,,8,7,orthonormalized,0.9550561797752809,0.9473684210526315,1.0,1.0,0.8888888888888888,0.8333333333333334,0.9444444444444444,1.0,1.0,1.0,0.9411764705882353,0.05445777398300305,0.24315896034240722,1.9521769046783448,0.044646716117858885,stand+LFDA+kNN,wine
86,,8,8,weighted,0.9775280898876404,0.9473684210526315,1.0,1.0,0.9444444444444444,1.0,1.0,0.9444444444444444,0.9444444444444444,1.0,1.0,0.026870374595105623,0.24598639011383056,1.9693514823913574,0.045168828964233396,stand+LFDA+kNN,wine
87,,8,8,orthonormalized,0.9550561797752809,0.9473684210526315,1.0,1.0,0.8888888888888888,0.8333333333333334,0.9444444444444444,1.0,1.0,1.0,0.9411764705882353,0.05445777398300305,0.24881381988525392,1.9855416059494018,0.04568393230438232,stand+LFDA+kNN,wine
88,,8,9,weighted,0.9719101123595506,0.9473684210526315,1.0,1.0,0.9444444444444444,0.9444444444444444,1.0,0.9444444444444444,1.0,1.0,0.9411764705882353,0.027846683464748417,0.2516412496566772,2.0031316757202147,0.04620406627655029,stand+LFDA+kNN,wine
89,,8,9,orthonormalized,0.9550561797752809,0.9473684210526315,1.0,1.0,0.8888888888888888,0.8333333333333334,0.9444444444444444,1.0,1.0,1.0,0.9411764705882353,0.05445777398300305,0.2544686794281006,2.019651174545288,0.0467240571975708,stand+LFDA+kNN,wine
90,,8,10,weighted,0.9775280898876404,0.9473684210526315,1.0,1.0,0.9444444444444444,0.9444444444444444,1.0,0.9444444444444444,1.0,1.0,1.0,0.02687037459510562,0.25729610919952395,2.032379961013794,0.047243285179138186,stand+LFDA+kNN,wine
91,,8,10,orthonormalized,0.9550561797752809,0.9473684210526315,1.0,1.0,0.8888888888888888,0.8333333333333334,0.9444444444444444,1.0,1.0,1.0,0.9411764705882353,0.05445777398300305,0.26012353897094725,2.049991750717163,0.04776122570037842,stand+LFDA+kNN,wine
92,,8,11,weighted,0.9719101123595506,0.9473684210526315,1.0,1.0,0.9444444444444444,0.9444444444444444,1.0,0.9444444444444444,0.9444444444444444,1.0,1.0,0.027497819755576032,0.2629509687423706,2.0626879215240477,0.04827730655670166,stand+LFDA+kNN,wine
93,,8,11,orthonormalized,0.9550561797752809,0.9473684210526315,1.0,1.0,0.8888888888888888,0.8333333333333334,0.9444444444444444,1.0,1.0,1.0,0.9411764705882353,0.05445777398300305,0.2657783985137939,2.0784955263137816,0.048795008659362794,stand+LFDA+kNN,wine
94,,8,12,weighted,0.9719101123595506,0.9473684210526315,1.0,1.0,0.9444444444444444,0.9444444444444444,1.0,0.9444444444444444,0.9444444444444444,1.0,1.0,0.027497819755576032,0.2686058282852173,2.0922786474227903,0.04931254386901855,stand+LFDA+kNN,wine
95,,8,12,orthonormalized,0.9550561797752809,0.9473684210526315,1.0,1.0,0.8888888888888888,0.8333333333333334,0.9444444444444444,1.0,1.0,1.0,0.9411764705882353,0.05445777398300305,0.27143325805664065,2.1007435798645018,0.04983189105987549,stand+LFDA+kNN,wine
96,,16,1,weighted,0.9662921348314607,0.9473684210526315,1.0,1.0,0.9444444444444444,1.0,0.9444444444444444,0.9444444444444444,0.9444444444444444,1.0,0.9411764705882353,0.02727987102774791,0.27426068782806395,2.25601179599762,0.0503535270690918,stand+LFDA+kNN,wine
97,,16,1,orthonormalized,0.9662921348314607,0.9473684210526315,0.9375,1.0,0.9444444444444444,0.9444444444444444,0.9444444444444444,1.0,1.0,1.0,0.9411764705882353,0.027916806070960965,0.2770881175994873,2.273037385940552,0.05089335441589356,stand+LFDA+kNN,wine
98,,16,2,weighted,0.9719101123595506,0.9473684210526315,1.0,1.0,0.9444444444444444,1.0,1.0,0.9444444444444444,0.9444444444444444,1.0,0.9411764705882353,0.027846683464748417,0.2799155473709106,2.290596866607666,0.05145690441131592,stand+LFDA+kNN,wine
99,,16,2,orthonormalized,0.9662921348314607,0.9473684210526315,0.9375,1.0,0.9444444444444444,0.9444444444444444,0.9444444444444444,1.0,1.0,1.0,0.9411764705882353,0.027916806070960965,0.282742977142334,2.3101536989212037,0.0520134449005127,stand+LFDA+kNN,wine
100,,16,3,weighted,0.9719101123595506,0.9473684210526315,1.0,1.0,0.9444444444444444,1.0,1.0,0.9444444444444444,0.9444444444444444,1.0,0.9411764705882353,0.027846683464748417,0.28557040691375735,2.3252947092056275,0.05257396697998047,stand+LFDA+kNN,wine
101,,16,3,orthonormalized,0.9662921348314607,0.9473684210526315,0.9375,1.0,0.9444444444444444,0.9444444444444444,0.9444444444444444,1.0,1.0,1.0,0.9411764705882353,0.027916806070960965,0.28839783668518065,2.3496978282928467,0.053618860244750974,stand+LFDA+kNN,wine
102,,16,4,weighted,0.9662921348314607,0.9473684210526315,1.0,1.0,0.9444444444444444,0.9444444444444444,1.0,0.9444444444444444,0.9444444444444444,1.0,0.9411764705882353,0.02727987102774791,0.291225266456604,2.365144872665405,0.054853057861328124,stand+LFDA+kNN,wine
103,,16,4,orthonormalized,0.9662921348314607,0.9473684210526315,0.9375,1.0,0.9444444444444444,0.9444444444444444,0.9444444444444444,1.0,1.0,1.0,0.9411764705882353,0.027916806070960965,0.2940526962280273,2.383671283721924,0.05607659816741943,stand+LFDA+kNN,wine
104,,16,5,weighted,0.9662921348314607,0.9473684210526315,1.0,1.0,0.9444444444444444,0.9444444444444444,1.0,0.9444444444444444,0.9444444444444444,1.0,0.9411764705882353,0.02727987102774791,0.2968801259994507,2.399255800247192,0.057302331924438475,stand+LFDA+kNN,wine
105,,16,5,orthonormalized,0.9662921348314607,0.9473684210526315,0.9375,1.0,0.9444444444444444,0.9444444444444444,0.9444444444444444,1.0,1.0,1.0,0.9411764705882353,0.027916806070960965,0.29970755577087405,2.4159626007080077,0.05852887630462646,stand+LFDA+kNN,wine
106,,16,6,weighted,0.9719101123595506,0.9473684210526315,1.0,1.0,0.9444444444444444,1.0,1.0,0.9444444444444444,0.9444444444444444,1.0,0.9411764705882353,0.027846683464748417,0.30253498554229735,2.433293914794922,0.05975477695465088,stand+LFDA+kNN,wine
107,,16,6,orthonormalized,0.9662921348314607,0.9473684210526315,0.9375,1.0,0.9444444444444444,0.9444444444444444,0.9444444444444444,1.0,1.0,1.0,0.9411764705882353,0.027916806070960965,0.3053624153137207,2.447940444946289,0.06096954345703125,stand+LFDA+kNN,wine
108,,16,7,weighted,0.9719101123595506,0.9473684210526315,1.0,1.0,0.9444444444444444,1.0,1.0,0.9444444444444444,0.9444444444444444,1.0,0.9411764705882353,0.027846683464748417,0.308189845085144,2.461926817893982,0.06219661235809326,stand+LFDA+kNN,wine
109,,16,7,orthonormalized,0.9662921348314607,0.9473684210526315,0.9375,1.0,0.9444444444444444,0.9444444444444444,0.9444444444444444,1.0,1.0,1.0,0.9411764705882353,0.027916806070960965,0.3110172748565674,2.47736279964447,0.06341652870178223,stand+LFDA+kNN,wine
110,,16,8,weighted,0.9662921348314607,0.9473684210526315,1.0,1.0,0.9444444444444444,1.0,0.9444444444444444,0.9444444444444444,0.9444444444444444,1.0,0.9411764705882353,0.02727987102774791,0.31384470462799074,2.494537377357483,0.0646440029144287,stand+LFDA+kNN,wine
111,,16,8,orthonormalized,0.9662921348314607,0.9473684210526315,0.9375,1.0,0.9444444444444444,0.9444444444444444,0.9444444444444444,1.0,1.0,1.0,0.9411764705882353,0.027916806070960965,0.31667213439941405,2.5107275009155274,0.06586260795593261,stand+LFDA+kNN,wine
112,,16,9,weighted,0.9775280898876404,0.9473684210526315,1.0,1.0,0.9444444444444444,1.0,1.0,0.9444444444444444,1.0,1.0,0.9411764705882353,0.0272938784642179,0.3194995641708374,2.5283175706863403,0.06708884239196777,stand+LFDA+kNN,wine
113,,16,9,orthonormalized,0.9662921348314607,0.9473684210526315,0.9375,1.0,0.9444444444444444,0.9444444444444444,0.9444444444444444,1.0,1.0,1.0,0.9411764705882353,0.027916806070960965,0.3223269939422607,2.5448370695114138,0.06829392910003662,stand+LFDA+kNN,wine
114,,16,10,weighted,0.9719101123595506,0.9473684210526315,1.0,1.0,0.9444444444444444,1.0,1.0,0.9444444444444444,0.9444444444444444,1.0,0.9411764705882353,0.027846683464748417,0.3251544237136841,2.5575658559799193,0.06951515674591065,stand+LFDA+kNN,wine
115,,16,10,orthonormalized,0.9662921348314607,0.9473684210526315,0.9375,1.0,0.9444444444444444,0.9444444444444444,0.9444444444444444,1.0,1.0,1.0,0.9411764705882353,0.027916806070960965,0.32798185348510744,2.5751776456832887,0.07072715759277344,stand+LFDA+kNN,wine
116,,16,11,weighted,0.9662921348314607,0.9473684210526315,1.0,1.0,0.9444444444444444,0.9444444444444444,1.0,0.9444444444444444,0.9444444444444444,1.0,0.9411764705882353,0.02727987102774791,0.33080928325653075,2.5878738164901733,0.07195792198181153,stand+LFDA+kNN,wine
117,,16,11,orthonormalized,0.9662921348314607,0.9473684210526315,0.9375,1.0,0.9444444444444444,0.9444444444444444,0.9444444444444444,1.0,1.0,1.0,0.9411764705882353,0.027916806070960965,0.3336367130279541,2.6036814212799073,0.07321028709411621,stand+LFDA+kNN,wine
118,,16,12,weighted,0.9550561797752809,0.9473684210526315,1.0,1.0,0.9444444444444444,0.8888888888888888,0.9444444444444444,0.9444444444444444,0.9444444444444444,1.0,0.9411764705882353,0.033373601773437525,0.3364641427993774,2.617464542388916,0.07446284294128418,stand+LFDA+kNN,wine
119,,16,12,orthonormalized,0.9662921348314607,0.9473684210526315,0.9375,1.0,0.9444444444444444,0.9444444444444444,0.9444444444444444,1.0,1.0,1.0,0.9411764705882353,0.027916806070960965,0.3392915725708008,2.6259294748306274,0.07570755481719971,stand+LFDA+kNN,wine
120,,32,1,weighted,0.9606741573033708,0.9473684210526315,1.0,1.0,0.9444444444444444,0.9444444444444444,0.9444444444444444,0.9444444444444444,0.9444444444444444,1.0,0.9411764705882353,0.02551894495337725,0.34211900234222414,2.781197690963745,0.07696642875671386,stand+LFDA+kNN,wine
121,,32,1,orthonormalized,0.9831460674157303,0.9473684210526315,1.0,1.0,0.9444444444444444,1.0,0.9444444444444444,1.0,1.0,1.0,1.0,0.025023500462379746,0.34494643211364745,2.798223280906677,0.07793447971343995,stand+LFDA+kNN,wine
122,,32,2,weighted,0.9662921348314607,0.9473684210526315,1.0,1.0,0.9444444444444444,1.0,0.9444444444444444,0.9444444444444444,0.9444444444444444,1.0,0.9411764705882353,0.02727987102774791,0.3477738618850708,2.8157827615737916,0.07847516536712647,stand+LFDA+kNN,wine
123,,32,2,orthonormalized,0.9831460674157303,0.9473684210526315,1.0,1.0,0.9444444444444444,1.0,0.9444444444444444,1.0,1.0,1.0,1.0,0.025023500462379746,0.3506012916564941,2.835339593887329,0.07901906967163086,stand+LFDA+kNN,wine
124,,32,3,weighted,0.9662921348314607,0.9473684210526315,1.0,1.0,0.9444444444444444,1.0,0.9444444444444444,0.9444444444444444,0.9444444444444444,1.0,0.9411764705882353,0.02727987102774791,0.3534287214279175,2.8504806041717528,0.07955398559570312,stand+LFDA+kNN,wine
125,,32,3,orthonormalized,0.9831460674157303,0.9473684210526315,1.0,1.0,0.9444444444444444,1.0,0.9444444444444444,1.0,1.0,1.0,1.0,0.025023500462379746,0.35625615119934084,2.8748837232589723,0.08009097576141358,stand+LFDA+kNN,wine
126,,32,4,weighted,0.9662921348314607,0.9473684210526315,1.0,1.0,0.9444444444444444,0.9444444444444444,1.0,0.9444444444444444,0.9444444444444444,1.0,0.9411764705882353,0.02727987102774791,0.35908358097076415,2.890330767631531,0.08063287734985351,stand+LFDA+kNN,wine
127,,32,4,orthonormalized,0.9831460674157303,0.9473684210526315,1.0,1.0,0.9444444444444444,1.0,0.9444444444444444,1.0,1.0,1.0,1.0,0.025023500462379746,0.3619110107421875,2.9088571786880495,0.08116600513458253,stand+LFDA+kNN,wine
128,,32,5,weighted,0.9662921348314607,0.9473684210526315,1.0,1.0,0.9444444444444444,0.9444444444444444,1.0,0.9444444444444444,0.9444444444444444,1.0,0.9411764705882353,0.02727987102774791,0.3647384405136108,2.924441695213318,0.08170342445373535,stand+LFDA+kNN,wine
129,,32,5,orthonormalized,0.9831460674157303,0.9473684210526315,1.0,1.0,0.9444444444444444,1.0,0.9444444444444444,1.0,1.0,1.0,1.0,0.025023500462379746,0.3675658702850342,2.9411484956741334,0.0822371482849121,stand+LFDA+kNN,wine
130,,32,6,weighted,0.9775280898876404,0.9473684210526315,1.0,1.0,0.9444444444444444,1.0,1.0,0.9444444444444444,0.9444444444444444,1.0,1.0,0.026870374595105623,0.37039330005645754,2.958479809761047,0.0829815149307251,stand+LFDA+kNN,wine
131,,32,6,orthonormalized,0.9831460674157303,0.9473684210526315,1.0,1.0,0.9444444444444444,1.0,0.9444444444444444,1.0,1.0,1.0,1.0,0.025023500462379746,0.37322072982788085,2.9731263399124144,0.08356173038482666,stand+LFDA+kNN,wine
132,,32,7,weighted,0.9662921348314607,0.9473684210526315,1.0,1.0,0.9444444444444444,0.9444444444444444,1.0,0.9444444444444444,0.9444444444444444,1.0,0.9411764705882353,0.02727987102774791,0.3760481595993042,2.9871127128601076,0.08410203456878662,stand+LFDA+kNN,wine
133,,32,7,orthonormalized,0.9831460674157303,0.9473684210526315,1.0,1.0,0.9444444444444444,1.0,0.9444444444444444,1.0,1.0,1.0,1.0,0.025023500462379746,0.3788755893707275,3.0025486946105957,0.0846437692642212,stand+LFDA+kNN,wine
134,,32,8,weighted,0.9662921348314607,0.9473684210526315,1.0,1.0,0.9444444444444444,1.0,0.9444444444444444,0.9444444444444444,0.9444444444444444,1.0,0.9411764705882353,0.02727987102774791,0.3817030191421509,3.0197232723236085,0.08517732620239257,stand+LFDA+kNN,wine
135,,32,8,orthonormalized,0.9831460674157303,0.9473684210526315,1.0,1.0,0.9444444444444444,1.0,0.9444444444444444,1.0,1.0,1.0,1.0,0.025023500462379746,0.38453044891357424,3.0359133958816527,0.08569989204406739,stand+LFDA+kNN,wine
136,,32,9,weighted,0.9719101123595506,0.9473684210526315,1.0,1.0,0.9444444444444444,0.9444444444444444,1.0,0.9444444444444444,1.0,1.0,0.9411764705882353,0.027846683464748417,0.38735787868499755,3.053503465652466,0.08623361587524414,stand+LFDA+kNN,wine
137,,32,9,orthonormalized,0.9831460674157303,0.9473684210526315,1.0,1.0,0.9444444444444444,1.0,0.9444444444444444,1.0,1.0,1.0,1.0,0.025023500462379746,0.3901853084564209,3.070022964477539,0.08675541877746581,stand+LFDA+kNN,wine
138,,32,10,weighted,0.9662921348314607,0.9473684210526315,1.0,1.0,0.9444444444444444,0.9444444444444444,1.0,0.9444444444444444,0.9444444444444444,1.0,0.9411764705882353,0.02727987102774791,0.3930127382278442,3.082751750946045,0.08728485107421875,stand+LFDA+kNN,wine
139,,32,10,orthonormalized,0.9831460674157303,0.9473684210526315,1.0,1.0,0.9444444444444444,1.0,0.9444444444444444,1.0,1.0,1.0,1.0,0.025023500462379746,0.3958401679992676,3.100363540649414,0.08781075477600098,stand+LFDA+kNN,wine
140,,32,11,weighted,0.9662921348314607,0.9473684210526315,1.0,1.0,0.9444444444444444,1.0,0.9444444444444444,0.9444444444444444,0.9444444444444444,1.0,0.9411764705882353,0.02727987102774791,0.39866759777069094,3.113059711456299,0.08833932876586914,stand+LFDA+kNN,wine
141,,32,11,orthonormalized,0.9831460674157303,0.9473684210526315,1.0,1.0,0.9444444444444444,1.0,0.9444444444444444,1.0,1.0,1.0,1.0,0.025023500462379746,0.40149502754211425,3.1288673162460325,0.08886373043060303,stand+LFDA+kNN,wine
142,,32,12,weighted,0.9606741573033708,0.9473684210526315,1.0,1.0,0.9444444444444444,0.9444444444444444,0.9444444444444444,0.9444444444444444,0.9444444444444444,1.0,0.9411764705882353,0.02551894495337725,0.4043224573135376,3.1426504373550417,0.08939433097839355,stand+LFDA+kNN,wine
143,,32,12,orthonormalized,0.9831460674157303,0.9473684210526315,1.0,1.0,0.9444444444444444,1.0,0.9444444444444444,1.0,1.0,1.0,1.0,0.025023500462379746,0.4071498870849609,3.151115369796753,0.08991875648498535,stand+LFDA+kNN,wine
144,,64,1,weighted,0.9719101123595506,0.9473684210526315,1.0,1.0,0.9444444444444444,0.9444444444444444,1.0,0.9444444444444444,0.9444444444444444,1.0,1.0,0.027497819755576032,0.4099773168563843,3.3063835859298707,0.09044685363769531,stand+LFDA+kNN,wine
145,,64,1,orthonormalized,0.949438202247191,0.9473684210526315,1.0,1.0,0.9444444444444444,0.9444444444444444,0.7777777777777778,0.9444444444444444,0.9444444444444444,1.0,1.0,0.06307933168726478,0.41280474662780764,3.323409175872803,0.09097108840942383,stand+LFDA+kNN,wine
146,,64,2,weighted,0.9719101123595506,0.9473684210526315,1.0,1.0,0.9444444444444444,0.9444444444444444,1.0,0.9444444444444444,0.9444444444444444,1.0,1.0,0.027497819755576032,0.41563217639923095,3.340968656539917,0.09149785041809082,stand+LFDA+kNN,wine
147,,64,2,orthonormalized,0.949438202247191,0.9473684210526315,1.0,1.0,0.9444444444444444,0.9444444444444444,0.7777777777777778,0.9444444444444444,0.9444444444444444,1.0,1.0,0.06307933168726478,0.4184596061706543,3.3605254888534546,0.09202659130096436,stand+LFDA+kNN,wine
148,,64,3,weighted,0.9719101123595506,0.9473684210526315,1.0,1.0,0.9444444444444444,0.9444444444444444,1.0,0.9444444444444444,0.9444444444444444,1.0,1.0,0.027497819755576032,0.4212870359420776,3.3756664991378784,0.09255824089050294,stand+LFDA+kNN,wine
149,,64,3,orthonormalized,0.949438202247191,0.9473684210526315,1.0,1.0,0.9444444444444444,0.9444444444444444,0.7777777777777778,0.9444444444444444,0.9444444444444444,1.0,1.0,0.06307933168726478,0.424114465713501,3.4000696182250976,0.09308400154113769,stand+LFDA+kNN,wine
150,,64,4,weighted,0.9662921348314607,0.9473684210526315,1.0,1.0,0.9444444444444444,0.9444444444444444,0.9444444444444444,0.9444444444444444,0.9444444444444444,1.0,1.0,0.026991012516711353,0.42694189548492434,3.415516662597656,0.0936091661453247,stand+LFDA+kNN,wine
151,,64,4,orthonormalized,0.949438202247191,0.9473684210526315,1.0,1.0,0.9444444444444444,0.9444444444444444,0.7777777777777778,0.9444444444444444,0.9444444444444444,1.0,1.0,0.06307933168726478,0.42976932525634765,3.4340430736541747,0.09413304328918456,stand+LFDA+kNN,wine
152,,64,5,weighted,0.9719101123595506,0.9473684210526315,1.0,1.0,0.9444444444444444,0.9444444444444444,1.0,0.9444444444444444,0.9444444444444444,1.0,1.0,0.027497819755576032,0.432596755027771,3.4496275901794435,0.0946582555770874,stand+LFDA+kNN,wine
153,,64,5,orthonormalized,0.949438202247191,0.9473684210526315,1.0,1.0,0.9444444444444444,0.9444444444444444,0.7777777777777778,0.9444444444444444,0.9444444444444444,1.0,1.0,0.06307933168726478,0.4354241847991943,3.4663343906402586,0.09518213272094726,stand+LFDA+kNN,wine
154,,64,6,weighted,0.9719101123595506,0.9473684210526315,1.0,1.0,0.9444444444444444,0.9444444444444444,1.0,0.9444444444444444,0.9444444444444444,1.0,1.0,0.027497819755576032,0.4382516145706177,3.483665704727173,0.09570643901824952,stand+LFDA+kNN,wine
155,,64,6,orthonormalized,0.949438202247191,0.9473684210526315,1.0,1.0,0.9444444444444444,0.9444444444444444,0.7777777777777778,0.9444444444444444,0.9444444444444444,1.0,1.0,0.06307933168726478,0.44107904434204104,3.49831223487854,0.09623315334320068,stand+LFDA+kNN,wine
156,,64,7,weighted,0.9719101123595506,1.0,1.0,1.0,0.9444444444444444,0.9444444444444444,1.0,0.8888888888888888,0.9444444444444444,1.0,1.0,0.03726779962499651,0.44390647411346434,3.512298607826233,0.09676494598388671,stand+LFDA+kNN,wine
157,,64,7,orthonormalized,0.949438202247191,0.9473684210526315,1.0,1.0,0.9444444444444444,0.9444444444444444,0.7777777777777778,0.9444444444444444,0.9444444444444444,1.0,1.0,0.06307933168726478,0.4467339038848877,3.5277345895767214,0.09729440212249756,stand+LFDA+kNN,wine
158,,64,8,weighted,0.9662921348314607,0.9473684210526315,1.0,1.0,0.9444444444444444,0.9444444444444444,1.0,0.8888888888888888,0.9444444444444444,1.0,1.0,0.03668512923916929,0.449561333656311,3.5449091672897337,0.09782819747924805,stand+LFDA+kNN,wine
159,,64,8,orthonormalized,0.949438202247191,0.9473684210526315,1.0,1.0,0.9444444444444444,0.9444444444444444,0.7777777777777778,0.9444444444444444,0.9444444444444444,1.0,1.0,0.06307933168726478,0.4523887634277344,3.5610992908477783,0.09835934638977051,stand+LFDA+kNN,wine
160,,64,9,weighted,0.9662921348314607,1.0,1.0,1.0,0.9444444444444444,0.9444444444444444,1.0,0.8888888888888888,0.8888888888888888,1.0,1.0,0.04444444444444447,0.45521619319915774,3.578689360618591,0.09889712333679199,stand+LFDA+kNN,wine
161,,64,9,orthonormalized,0.949438202247191,0.9473684210526315,1.0,1.0,0.9444444444444444,0.9444444444444444,0.7777777777777778,0.9444444444444444,0.9444444444444444,1.0,1.0,0.06307933168726478,0.45804362297058104,3.5952088594436646,0.09943094253540039,stand+LFDA+kNN,wine
162,,64,10,weighted,0.9662921348314607,0.9473684210526315,1.0,1.0,1.0,0.9444444444444444,1.0,0.8888888888888888,0.9444444444444444,0.9444444444444444,1.0,0.03668512923916929,0.4608710527420044,3.6079376459121706,0.09996602535247803,stand+LFDA+kNN,wine
163,,64,10,orthonormalized,0.949438202247191,0.9473684210526315,1.0,1.0,0.9444444444444444,0.9444444444444444,0.7777777777777778,0.9444444444444444,0.9444444444444444,1.0,1.0,0.06307933168726478,0.4636984825134277,3.6255494356155396,0.10049717426300049,stand+LFDA+kNN,wine
164,,64,11,weighted,0.9662921348314607,1.0,1.0,1.0,0.9444444444444444,0.9444444444444444,0.9444444444444444,0.8888888888888888,0.9444444444444444,1.0,1.0,0.03685138655950446,0.4665259122848511,3.6382456064224242,0.10103032588958741,stand+LFDA+kNN,wine
165,,64,11,orthonormalized,0.949438202247191,0.9473684210526315,1.0,1.0,0.9444444444444444,0.9444444444444444,0.7777777777777778,0.9444444444444444,0.9444444444444444,1.0,1.0,0.06307933168726478,0.46935334205627444,3.654053211212158,0.10156166553497314,stand+LFDA+kNN,wine
166,,64,12,weighted,0.9719101123595506,0.9473684210526315,1.0,1.0,0.9444444444444444,0.9444444444444444,1.0,0.9444444444444444,0.9444444444444444,1.0,1.0,0.027497819755576032,0.47218077182769774,3.667836332321167,0.10209746360778808,stand+LFDA+kNN,wine
167,,64,12,orthonormalized,0.949438202247191,0.9473684210526315,1.0,1.0,0.9444444444444444,0.9444444444444444,0.7777777777777778,0.9444444444444444,0.9444444444444444,1.0,1.0,0.06307933168726478,0.4750082015991211,3.6763012647628783,0.10263190269470215,stand+LFDA+kNN,wine
168,,128,1,weighted,0.398876404494382,0.42105263157894735,0.4375,0.3888888888888889,0.3888888888888889,0.3888888888888889,0.3888888888888889,0.3888888888888889,0.3888888888888889,0.3888888888888889,0.4117647058823529,0.016871583549832498,0.4778356313705444,3.831569480895996,0.10300984382629394,stand+LFDA+kNN,wine
169,,128,1,orthonormalized,0.4943820224719101,0.47368421052631576,0.5,0.4444444444444444,0.5,0.3888888888888889,0.4444444444444444,0.5,0.5,0.6666666666666666,0.5294117647058824,0.06897729207374226,0.4806630611419678,3.848595070838928,0.10338134765625,stand+LFDA+kNN,wine
170,,128,2,weighted,0.398876404494382,0.42105263157894735,0.4375,0.3888888888888889,0.3888888888888889,0.3888888888888889,0.3888888888888889,0.3888888888888889,0.3888888888888889,0.3888888888888889,0.4117647058823529,0.016871583549832498,0.48349049091339114,3.8661545515060425,0.10375771522521973,stand+LFDA+kNN,wine
171,,128,2,orthonormalized,0.4943820224719101,0.47368421052631576,0.5,0.4444444444444444,0.5,0.3888888888888889,0.4444444444444444,0.5,0.5,0.6666666666666666,0.5294117647058824,0.06897729207374226,0.48631792068481444,3.8857113838195803,0.1041295051574707,stand+LFDA+kNN,wine
172,,128,3,weighted,0.398876404494382,0.42105263157894735,0.4375,0.3888888888888889,0.3888888888888889,0.3888888888888889,0.3888888888888889,0.3888888888888889,0.3888888888888889,0.3888888888888889,0.4117647058823529,0.016871583549832498,0.4891453504562378,3.900852394104004,0.10450997352600097,stand+LFDA+kNN,wine
173,,128,3,orthonormalized,0.4943820224719101,0.47368421052631576,0.5,0.4444444444444444,0.5,0.3888888888888889,0.4444444444444444,0.5,0.5,0.6666666666666666,0.5294117647058824,0.06897729207374226,0.4919727802276611,3.9252555131912232,0.10488743782043457,stand+LFDA+kNN,wine
174,,128,4,weighted,0.398876404494382,0.42105263157894735,0.4375,0.3888888888888889,0.3888888888888889,0.3888888888888889,0.3888888888888889,0.3888888888888889,0.3888888888888889,0.3888888888888889,0.4117647058823529,0.016871583549832498,0.4948002099990845,3.9407025575637817,0.10526573657989502,stand+LFDA+kNN,wine
175,,128,4,orthonormalized,0.4943820224719101,0.47368421052631576,0.5,0.4444444444444444,0.5,0.3888888888888889,0.4444444444444444,0.5,0.5,0.6666666666666666,0.5294117647058824,0.06897729207374226,0.49762763977050783,3.9592289686203004,0.10564236640930176,stand+LFDA+kNN,wine
176,,128,5,weighted,0.398876404494382,0.42105263157894735,0.4375,0.3888888888888889,0.3888888888888889,0.3888888888888889,0.3888888888888889,0.3888888888888889,0.3888888888888889,0.3888888888888889,0.4117647058823529,0.016871583549832498,0.5004550695419312,3.9748134851455688,0.10601747035980225,stand+LFDA+kNN,wine
177,,128,5,orthonormalized,0.4943820224719101,0.47368421052631576,0.5,0.4444444444444444,0.5,0.3888888888888889,0.4444444444444444,0.5,0.5,0.6666666666666666,0.5294117647058824,0.06897729207374226,0.5032824993133544,3.9915202856063843,0.1063929557800293,stand+LFDA+kNN,wine
178,,128,6,weighted,0.398876404494382,0.42105263157894735,0.4375,0.3888888888888889,0.3888888888888889,0.3888888888888889,0.3888888888888889,0.3888888888888889,0.3888888888888889,0.3888888888888889,0.4117647058823529,0.016871583549832498,0.5061099290847778,4.0088515996932985,0.10676336288452148,stand+LFDA+kNN,wine
179,,128,6,orthonormalized,0.4943820224719101,0.47368421052631576,0.5,0.4444444444444444,0.5,0.3888888888888889,0.4444444444444444,0.5,0.5,0.6666666666666666,0.5294117647058824,0.06897729207374226,0.5089373588562012,4.023498129844666,0.1071396827697754,stand+LFDA+kNN,wine
180,,128,7,weighted,0.398876404494382,0.42105263157894735,0.4375,0.3888888888888889,0.3888888888888889,0.3888888888888889,0.3888888888888889,0.3888888888888889,0.3888888888888889,0.3888888888888889,0.4117647058823529,0.016871583549832498,0.5117647886276245,4.037484502792358,0.10751450061798096,stand+LFDA+kNN,wine
181,,128,7,orthonormalized,0.4943820224719101,0.47368421052631576,0.5,0.4444444444444444,0.5,0.3888888888888889,0.4444444444444444,0.5,0.5,0.6666666666666666,0.5294117647058824,0.06897729207374226,0.5145922183990479,4.052920484542847,0.10789060592651367,stand+LFDA+kNN,wine
182,,128,8,weighted,0.398876404494382,0.42105263157894735,0.4375,0.3888888888888889,0.3888888888888889,0.3888888888888889,0.3888888888888889,0.3888888888888889,0.3888888888888889,0.3888888888888889,0.4117647058823529,0.016871583549832498,0.5174196481704711,4.070095062255859,0.10827281475067138,stand+LFDA+kNN,wine
183,,128,8,orthonormalized,0.4943820224719101,0.47368421052631576,0.5,0.4444444444444444,0.5,0.3888888888888889,0.4444444444444444,0.5,0.5,0.6666666666666666,0.5294117647058824,0.06897729207374226,0.5202470779418945,4.086285185813904,0.108642578125,stand+LFDA+kNN,wine
184,,128,9,weighted,0.398876404494382,0.42105263157894735,0.4375,0.3888888888888889,0.3888888888888889,0.3888888888888889,0.3888888888888889,0.3888888888888889,0.3888888888888889,0.3888888888888889,0.4117647058823529,0.016871583549832498,0.5230745077133179,4.103875255584716,0.10901455879211426,stand+LFDA+kNN,wine
185,,128,9,orthonormalized,0.4943820224719101,0.47368421052631576,0.5,0.4444444444444444,0.5,0.3888888888888889,0.4444444444444444,0.5,0.5,0.6666666666666666,0.5294117647058824,0.06897729207374226,0.5259019374847412,4.12039475440979,0.10938029289245606,stand+LFDA+kNN,wine
186,,128,10,weighted,0.398876404494382,0.42105263157894735,0.4375,0.3888888888888889,0.3888888888888889,0.3888888888888889,0.3888888888888889,0.3888888888888889,0.3888888888888889,0.3888888888888889,0.4117647058823529,0.016871583549832498,0.5287293672561646,4.133123540878296,0.10975096225738526,stand+LFDA+kNN,wine
187,,128,10,orthonormalized,0.4943820224719101,0.47368421052631576,0.5,0.4444444444444444,0.5,0.3888888888888889,0.4444444444444444,0.5,0.5,0.6666666666666666,0.5294117647058824,0.06897729207374226,0.5315567970275878,4.150735330581665,0.11012370586395263,stand+LFDA+kNN,wine
188,,128,11,weighted,0.398876404494382,0.42105263157894735,0.4375,0.3888888888888889,0.3888888888888889,0.3888888888888889,0.3888888888888889,0.3888888888888889,0.3888888888888889,0.3888888888888889,0.4117647058823529,0.016871583549832498,0.5343842267990112,4.1634315013885494,0.11049599647521972,stand+LFDA+kNN,wine
189,,128,11,orthonormalized,0.4943820224719101,0.47368421052631576,0.5,0.4444444444444444,0.5,0.3888888888888889,0.4444444444444444,0.5,0.5,0.6666666666666666,0.5294117647058824,0.06897729207374226,0.5372116565704346,4.179239106178284,0.11086294651031495,stand+LFDA+kNN,wine
190,,128,12,weighted,0.398876404494382,0.42105263157894735,0.4375,0.3888888888888889,0.3888888888888889,0.3888888888888889,0.3888888888888889,0.3888888888888889,0.3888888888888889,0.3888888888888889,0.4117647058823529,0.016871583549832498,0.5400390863418579,4.193022227287292,0.11123437881469726,stand+LFDA+kNN,wine
191,,128,12,orthonormalized,0.4943820224719101,0.47368421052631576,0.5,0.4444444444444444,0.5,0.3888888888888889,0.4444444444444444,0.5,0.5,0.6666666666666666,0.5294117647058824,0.06897729207374226,0.5428665161132813,4.2014871597290036,0.11160283088684082,stand+LFDA+kNN,wine
