,error,jdeknn__f__n_neighbors,jdeknn__s__n_gen,jdeknn__transformer,knn__n_neighbors,mean,score1,score10,score2,score3,score4,score5,score6,score7,score8,score9,std,time1,time2,time3,train_mean,train_score1,train_score10,train_score2,train_score3,train_score4,train_score5,train_score6,train_score7,train_score8,train_score9,train_std,technique,dataset
0,,1,25,full,1,0.9825,1.0,1.0,0.975,1.0,0.95,0.925,1.0,1.0,1.0,0.975,0.025124689052802223,0.004308438301086426,8.493802642822265,0.0006657600402832031,1.0,1.0,1.0,1.0,1.0,1.0,1.0,1.0,1.0,1.0,1.0,0.0,stand+JDEkNN+kNN,gaussians
1,,1,25,diagonal,1,0.9875,1.0,1.0,1.0,1.0,0.95,0.95,1.0,1.0,1.0,0.975,0.020155644370746392,0.008616876602172852,10.40782299041748,0.001235795021057129,1.0,1.0,1.0,1.0,1.0,1.0,1.0,1.0,1.0,1.0,1.0,0.0,stand+JDEkNN+kNN,gaussians
2,,1,100,full,1,0.985,1.0,0.975,1.0,1.0,0.975,0.95,0.975,0.975,1.0,1.0,0.016583123951777013,0.012925314903259277,40.866276717185976,0.0018028736114501954,1.0,1.0,1.0,1.0,1.0,1.0,1.0,1.0,1.0,1.0,1.0,0.0,stand+JDEkNN+kNN,gaussians
3,,1,100,diagonal,1,0.99,1.0,0.975,1.0,0.975,0.95,1.0,1.0,1.0,1.0,1.0,0.016583123951777013,0.017233753204345705,48.33464376926422,0.0023665666580200196,1.0,1.0,1.0,1.0,1.0,1.0,1.0,1.0,1.0,1.0,1.0,0.0,stand+JDEkNN+kNN,gaussians
4,,4,25,full,1,0.9875,0.975,0.975,0.975,1.0,0.975,0.975,1.0,1.0,1.0,1.0,0.012500000000000011,0.02154219150543213,56.49393389225006,0.0029269695281982423,1.0,1.0,1.0,1.0,1.0,1.0,1.0,1.0,1.0,1.0,1.0,0.0,stand+JDEkNN+kNN,gaussians
5,,4,25,diagonal,1,0.99,1.0,1.0,0.975,1.0,0.975,0.975,1.0,1.0,1.0,0.975,0.012247448713915901,0.025850629806518553,58.507788920402525,0.003487682342529297,1.0,1.0,1.0,1.0,1.0,1.0,1.0,1.0,1.0,1.0,1.0,0.0,stand+JDEkNN+kNN,gaussians
6,,4,100,full,1,0.9875,0.975,1.0,1.0,1.0,0.95,0.975,1.0,1.0,1.0,0.975,0.016770509831248438,0.03015906810760498,90.57239389419556,0.004053521156311035,1.0,1.0,1.0,1.0,1.0,1.0,1.0,1.0,1.0,1.0,1.0,0.0,stand+JDEkNN+kNN,gaussians
7,,4,100,diagonal,1,0.985,1.0,1.0,1.0,1.0,0.975,0.95,0.975,1.0,1.0,0.95,0.020000000000000018,0.03446750640869141,98.45540778636932,0.004613733291625977,1.0,1.0,1.0,1.0,1.0,1.0,1.0,1.0,1.0,1.0,1.0,0.0,stand+JDEkNN+kNN,gaussians
8,,8,25,full,1,0.99,1.0,1.0,1.0,1.0,0.95,0.975,0.975,1.0,1.0,1.0,0.016583123951777013,0.03877594470977783,107.04812288284302,0.005176925659179687,1.0,1.0,1.0,1.0,1.0,1.0,1.0,1.0,1.0,1.0,1.0,0.0,stand+JDEkNN+kNN,gaussians
9,,8,25,diagonal,1,0.9875,1.0,1.0,1.0,1.0,0.975,0.925,1.0,1.0,1.0,0.975,0.02304886114323221,0.04308438301086426,109.15522677898407,0.0057372570037841795,1.0,1.0,1.0,1.0,1.0,1.0,1.0,1.0,1.0,1.0,1.0,0.0,stand+JDEkNN+kNN,gaussians
10,,8,100,full,1,0.99,0.975,1.0,1.0,1.0,0.95,1.0,0.975,1.0,1.0,1.0,0.016583123951777013,0.04739282131195068,142.54439535140992,0.00629720687866211,1.0,1.0,1.0,1.0,1.0,1.0,1.0,1.0,1.0,1.0,1.0,0.0,stand+JDEkNN+kNN,gaussians
11,,8,100,diagonal,1,0.985,1.0,1.0,1.0,0.975,0.975,0.95,1.0,1.0,1.0,0.95,0.020000000000000018,0.05170125961303711,150.90188813209534,0.006852436065673828,1.0,1.0,1.0,1.0,1.0,1.0,1.0,1.0,1.0,1.0,1.0,0.0,stand+JDEkNN+kNN,gaussians
12,,1,25,full,2,0.9825,1.0,1.0,0.975,1.0,0.975,0.9,1.0,1.0,1.0,0.975,0.02968585521759479,0.05600969791412354,159.3956907749176,0.007420015335083008,0.9961111111111111,0.9944444444444445,0.9972222222222222,0.9916666666666667,0.9972222222222222,1.0,0.9944444444444445,0.9944444444444445,0.9972222222222222,0.9972222222222222,0.9972222222222222,0.0022222222222222144,stand+JDEkNN+kNN,gaussians
13,,1,25,diagonal,2,0.9875,1.0,1.0,1.0,1.0,0.975,0.975,0.975,1.0,0.975,0.975,0.012500000000000011,0.06031813621520996,161.30971112251282,0.008704209327697754,0.9966666666666667,0.9972222222222222,0.9972222222222222,0.9972222222222222,0.9944444444444445,0.9972222222222222,0.9944444444444445,0.9972222222222222,1.0,0.9944444444444445,0.9972222222222222,0.0016666666666666607,stand+JDEkNN+kNN,gaussians
14,,1,100,full,2,0.9825,1.0,0.975,1.0,0.975,0.975,0.95,0.975,0.975,1.0,1.0,0.016007810593582136,0.06462657451629639,191.7681648492813,0.009987807273864746,0.9930555555555556,0.9861111111111112,0.9972222222222222,0.9916666666666667,0.9888888888888889,0.9944444444444445,0.9944444444444445,0.9944444444444445,0.9944444444444445,0.9916666666666667,0.9972222222222222,0.0033448873829978482,stand+JDEkNN+kNN,gaussians
15,,1,100,diagonal,2,0.975,1.0,0.975,1.0,0.95,0.975,0.95,0.95,1.0,0.975,0.975,0.019364916731037102,0.06893501281738282,199.23653190135957,0.011273980140686035,0.9966666666666667,0.9972222222222222,0.9944444444444445,0.9972222222222222,0.9944444444444445,0.9972222222222222,1.0,0.9972222222222222,0.9972222222222222,0.9944444444444445,0.9972222222222222,0.0016666666666666607,stand+JDEkNN+kNN,gaussians
16,,4,25,full,2,0.9825,1.0,1.0,0.975,0.95,0.95,0.975,1.0,1.0,0.975,1.0,0.019525624189766652,0.07324345111846924,207.3958220243454,0.01255483627319336,0.9925,0.9944444444444445,0.9944444444444445,0.9972222222222222,0.9805555555555555,0.9888888888888889,0.9972222222222222,0.9972222222222222,0.9972222222222222,0.9888888888888889,0.9888888888888889,0.005277777777777784,stand+JDEkNN+kNN,gaussians
17,,4,25,diagonal,2,0.9825,1.0,1.0,0.975,1.0,0.975,0.975,0.95,1.0,1.0,0.95,0.019525624189766652,0.07755188941955567,209.40967705249787,0.013840079307556152,0.9952777777777778,0.9944444444444445,0.9944444444444445,0.9972222222222222,0.9916666666666667,0.9972222222222222,0.9944444444444445,1.0,0.9944444444444445,0.9944444444444445,0.9944444444444445,0.002169513798862952,stand+JDEkNN+kNN,gaussians
18,,4,100,full,2,0.9875,1.0,1.0,1.0,0.975,0.975,0.925,1.0,1.0,1.0,1.0,0.02304886114323221,0.08186032772064208,241.4742820262909,0.015119361877441406,0.9938888888888889,0.9944444444444445,0.9944444444444445,0.9916666666666667,0.9972222222222222,0.9916666666666667,0.9972222222222222,0.9972222222222222,0.9972222222222222,0.9833333333333333,0.9944444444444445,0.0040824829046386445,stand+JDEkNN+kNN,gaussians
19,,4,100,diagonal,2,0.9825,1.0,1.0,1.0,1.0,0.975,0.975,0.975,1.0,0.95,0.95,0.019525624189766652,0.08616876602172852,249.35729591846467,0.016400861740112304,0.9955555555555555,0.9972222222222222,0.9944444444444445,0.9972222222222222,0.9916666666666667,0.9944444444444445,1.0,0.9972222222222222,0.9972222222222222,0.9916666666666667,0.9944444444444445,0.002545875386086569,stand+JDEkNN+kNN,gaussians
20,,8,25,full,2,0.9925,1.0,1.0,1.0,1.0,0.975,1.0,0.95,1.0,1.0,1.0,0.01600781059358214,0.09047720432281495,257.95001101493835,0.01768150329589844,0.9947222222222222,0.9972222222222222,0.9972222222222222,0.9944444444444445,0.9944444444444445,0.9944444444444445,0.9944444444444445,0.9916666666666667,0.9944444444444445,0.9944444444444445,0.9944444444444445,0.0014958791130929125,stand+JDEkNN+kNN,gaussians
21,,8,25,diagonal,2,0.9825,1.0,1.0,1.0,1.0,0.975,0.9,0.975,1.0,1.0,0.975,0.02968585521759479,0.09478564262390136,260.0571149110794,0.01896634101867676,0.9944444444444445,0.9944444444444445,0.9972222222222222,0.9916666666666667,0.9916666666666667,0.9944444444444445,0.9916666666666667,0.9944444444444445,0.9944444444444445,0.9972222222222222,0.9972222222222222,0.0021516574145596682,stand+JDEkNN+kNN,gaussians
22,,8,100,full,2,0.985,1.0,1.0,1.0,0.975,1.0,0.975,0.925,1.0,1.0,0.975,0.022912878474779193,0.0990940809249878,293.4462834835052,0.02025613784790039,0.9938888888888889,0.9888888888888889,0.9972222222222222,0.9972222222222222,0.9944444444444445,1.0,0.9944444444444445,0.9777777777777777,0.9972222222222222,0.9916666666666667,1.0,0.00630989816200031,stand+JDEkNN+kNN,gaussians
23,,8,100,diagonal,2,0.98,1.0,1.0,1.0,0.975,0.975,0.95,0.95,1.0,1.0,0.95,0.021794494717703387,0.10340251922607421,301.8037762641907,0.02154264450073242,0.9966666666666667,0.9972222222222222,0.9972222222222222,0.9944444444444445,0.9944444444444445,0.9972222222222222,0.9972222222222222,0.9972222222222222,0.9916666666666667,1.0,1.0,0.0024216105241892543,stand+JDEkNN+kNN,gaussians
24,,1,25,full,4,0.985,1.0,1.0,1.0,1.0,0.975,0.9,0.975,1.0,1.0,1.0,0.029999999999999995,0.10771095752716064,310.29757890701296,0.02282438278198242,0.9897222222222222,0.9916666666666667,0.9916666666666667,0.9833333333333333,0.9972222222222222,0.9916666666666667,0.9888888888888889,0.9805555555555555,0.9888888888888889,0.9888888888888889,0.9944444444444445,0.00465640405951119,stand+JDEkNN+kNN,gaussians
25,,1,25,diagonal,4,0.9875,1.0,1.0,1.0,1.0,0.975,0.95,0.975,1.0,1.0,0.975,0.016770509831248438,0.11201939582824708,312.21159925460813,0.023893857002258302,0.9922222222222222,0.9916666666666667,0.9916666666666667,0.9916666666666667,0.9916666666666667,0.9944444444444445,0.9944444444444445,0.9916666666666667,0.9916666666666667,0.9916666666666667,0.9916666666666667,0.0011111111111111072,stand+JDEkNN+kNN,gaussians
26,,1,100,full,4,0.99,1.0,0.975,1.0,0.975,0.975,1.0,0.975,1.0,1.0,1.0,0.012247448713915901,0.1163278341293335,342.67005298137667,0.024443864822387695,0.9913888888888889,0.9861111111111112,0.9944444444444445,0.9916666666666667,0.9888888888888889,0.9944444444444445,0.9916666666666667,0.9944444444444445,0.9944444444444445,0.9833333333333333,0.9944444444444445,0.0038188130791298766,stand+JDEkNN+kNN,gaussians
27,,1,100,diagonal,4,0.9875,1.0,1.0,1.0,1.0,0.975,0.95,0.975,1.0,1.0,0.975,0.016770509831248438,0.12063627243041992,350.1384200334549,0.024992656707763673,0.9927777777777778,0.9972222222222222,0.9944444444444445,0.9944444444444445,0.9888888888888889,0.9972222222222222,0.9944444444444445,0.9888888888888889,0.9916666666666667,0.9916666666666667,0.9888888888888889,0.0030932024237944455,stand+JDEkNN+kNN,gaussians
28,,4,25,full,4,0.9925,1.0,1.0,1.0,1.0,0.95,1.0,0.975,1.0,1.0,1.0,0.01600781059358214,0.12494471073150634,358.29771015644076,0.025539875030517578,0.9916666666666667,0.9888888888888889,0.9888888888888889,0.9944444444444445,0.9944444444444445,0.9833333333333333,0.9972222222222222,0.9972222222222222,0.9888888888888889,0.9888888888888889,0.9944444444444445,0.004303314829119359,stand+JDEkNN+kNN,gaussians
29,,4,25,diagonal,4,0.99,1.0,1.0,1.0,1.0,0.975,0.975,0.975,1.0,1.0,0.975,0.012247448713915901,0.12925314903259277,360.3115651845932,0.026082158088684082,0.9922222222222222,0.9916666666666667,0.9888888888888889,0.9888888888888889,0.9944444444444445,0.9916666666666667,0.9944444444444445,0.9944444444444445,0.9916666666666667,0.9944444444444445,0.9916666666666667,0.002078698548207738,stand+JDEkNN+kNN,gaussians
30,,4,100,full,4,0.9875,1.0,1.0,1.0,0.95,0.975,0.95,1.0,1.0,1.0,1.0,0.020155644370746392,0.1335615873336792,392.37617015838623,0.02662513256072998,0.9919444444444444,0.9944444444444445,0.9972222222222222,0.9861111111111112,0.9916666666666667,0.9972222222222222,0.9972222222222222,0.9916666666666667,0.9916666666666667,0.9777777777777777,0.9944444444444445,0.005753420882557779,stand+JDEkNN+kNN,gaussians
31,,4,100,diagonal,4,0.9875,1.0,1.0,1.0,1.0,0.975,0.975,0.975,1.0,0.975,0.975,0.012500000000000011,0.13787002563476564,400.25918405056,0.02717015743255615,0.9922222222222222,0.9944444444444445,0.9888888888888889,0.9888888888888889,0.9916666666666667,0.9944444444444445,0.9888888888888889,0.9916666666666667,0.9944444444444445,0.9944444444444445,0.9944444444444445,0.0024216105241892543,stand+JDEkNN+kNN,gaussians
32,,8,25,full,4,0.9875,1.0,1.0,1.0,1.0,0.975,0.95,0.95,1.0,1.0,1.0,0.020155644370746392,0.14217846393585204,408.8518991470337,0.027716970443725585,0.9936111111111111,0.9944444444444445,0.9972222222222222,0.9916666666666667,0.9916666666666667,0.9972222222222222,0.9916666666666667,0.9944444444444445,0.9916666666666667,0.9888888888888889,0.9972222222222222,0.002791632116978015,stand+JDEkNN+kNN,gaussians
33,,8,25,diagonal,4,0.985,1.0,1.0,1.0,1.0,0.975,0.925,0.975,1.0,1.0,0.975,0.022912878474779193,0.14648690223693847,410.95900304317473,0.02826094627380371,0.9908333333333333,0.9888888888888889,0.9888888888888889,0.9888888888888889,0.9888888888888889,0.9972222222222222,0.9888888888888889,0.9916666666666667,0.9916666666666667,0.9916666666666667,0.9916666666666667,0.002499999999999991,stand+JDEkNN+kNN,gaussians
34,,8,100,full,4,1.0,1.0,1.0,1.0,1.0,1.0,1.0,1.0,1.0,1.0,1.0,0.0,0.1507953405380249,444.34817161560056,0.028809332847595216,0.9919444444444444,0.9944444444444445,0.9944444444444445,0.9944444444444445,0.9861111111111112,0.9972222222222222,0.9916666666666667,0.9861111111111112,0.9861111111111112,0.9944444444444445,0.9944444444444445,0.004015786748555808,stand+JDEkNN+kNN,gaussians
35,,8,100,diagonal,4,0.9875,1.0,1.0,1.0,0.975,0.975,0.975,0.975,1.0,1.0,0.975,0.012500000000000011,0.15510377883911133,452.705664396286,0.02935795783996582,0.9922222222222222,0.9916666666666667,0.9916666666666667,0.9944444444444445,0.9944444444444445,0.9972222222222222,0.9944444444444445,0.9888888888888889,0.9888888888888889,0.9888888888888889,0.9916666666666667,0.002721655269759077,stand+JDEkNN+kNN,gaussians
36,,1,25,full,8,0.9875,1.0,1.0,1.0,1.0,1.0,0.9,0.975,1.0,1.0,1.0,0.030103986446980733,0.15941221714019777,461.1994670391083,0.029909300804138183,0.9886111111111111,0.9916666666666667,0.9944444444444445,0.975,0.9944444444444445,0.9916666666666667,0.9861111111111112,0.9722222222222222,0.9944444444444445,0.9916666666666667,0.9944444444444445,0.007900812585182175,stand+JDEkNN+kNN,gaussians
37,,1,25,diagonal,8,0.9875,1.0,1.0,1.0,1.0,0.95,0.95,0.975,1.0,1.0,1.0,0.020155644370746392,0.16372065544128417,463.11348738670347,0.030459141731262206,0.9930555555555556,0.9888888888888889,0.9916666666666667,0.9916666666666667,0.9916666666666667,0.9972222222222222,0.9972222222222222,0.9944444444444445,0.9916666666666667,0.9972222222222222,0.9888888888888889,0.003105649968749697,stand+JDEkNN+kNN,gaussians
38,,1,100,full,8,0.985,1.0,0.975,1.0,0.975,0.975,0.975,0.975,0.975,1.0,1.0,0.012247448713915901,0.1680290937423706,493.571941113472,0.031006121635437013,0.9863888888888889,0.9805555555555555,0.9916666666666667,0.9916666666666667,0.9722222222222222,0.9888888888888889,0.9861111111111112,0.9888888888888889,0.9916666666666667,0.9805555555555555,0.9916666666666667,0.006266952318154734,stand+JDEkNN+kNN,gaussians
39,,1,100,diagonal,8,0.99,0.95,1.0,1.0,1.0,1.0,0.975,0.975,1.0,1.0,1.0,0.016583123951777013,0.17233753204345703,501.04030816555024,0.03155474662780762,0.9933333333333333,0.9944444444444445,0.9861111111111112,0.9944444444444445,0.9944444444444445,0.9972222222222222,0.9972222222222222,0.9861111111111112,0.9972222222222222,0.9944444444444445,0.9916666666666667,0.003967460238079347,stand+JDEkNN+kNN,gaussians
40,,4,25,full,8,0.9875,1.0,1.0,1.0,0.95,0.975,1.0,1.0,1.0,0.975,0.975,0.016770509831248438,0.17664597034454346,509.1995982885361,0.032105326652526855,0.99,0.9861111111111112,0.9861111111111112,0.9972222222222222,0.9972222222222222,0.9722222222222222,0.9944444444444445,0.9944444444444445,0.9944444444444445,0.9861111111111112,0.9916666666666667,0.00726483157256779,stand+JDEkNN+kNN,gaussians
41,,4,25,diagonal,8,0.99,1.0,1.0,1.0,1.0,0.95,1.0,0.975,1.0,1.0,0.975,0.016583123951777013,0.1809544086456299,511.2134533166885,0.03265488147735596,0.9930555555555556,0.9916666666666667,0.9944444444444445,0.9944444444444445,0.9916666666666667,0.9888888888888889,0.9916666666666667,0.9972222222222222,0.9944444444444445,0.9944444444444445,0.9916666666666667,0.002239516041194034,stand+JDEkNN+kNN,gaussians
42,,4,100,full,8,0.985,0.975,1.0,1.0,0.975,0.95,0.95,1.0,1.0,1.0,1.0,0.020000000000000018,0.1852628469467163,543.2780582904816,0.033202099800109866,0.9869444444444444,0.9805555555555555,0.9888888888888889,0.9833333333333333,0.9861111111111112,0.9916666666666667,0.9944444444444445,0.9861111111111112,0.9916666666666667,0.9722222222222222,0.9944444444444445,0.006579288490181691,stand+JDEkNN+kNN,gaussians
43,,4,100,diagonal,8,0.99,1.0,1.0,1.0,1.0,0.975,0.975,0.975,1.0,1.0,0.975,0.012247448713915901,0.18957128524780273,551.1610721826553,0.03374898433685303,0.9941666666666666,0.9944444444444445,0.9916666666666667,0.9944444444444445,0.9916666666666667,0.9972222222222222,0.9972222222222222,0.9916666666666667,0.9944444444444445,0.9972222222222222,0.9916666666666667,0.002307395517477235,stand+JDEkNN+kNN,gaussians
44,,8,25,full,8,0.99,1.0,0.975,1.0,0.975,0.975,1.0,0.975,1.0,1.0,1.0,0.012247448713915901,0.19387972354888916,559.753787279129,0.03429863452911377,0.9938888888888889,0.9944444444444445,0.9888888888888889,0.9972222222222222,0.9916666666666667,1.0,0.9916666666666667,0.9888888888888889,0.9972222222222222,0.9916666666666667,0.9972222222222222,0.0036851386559504313,stand+JDEkNN+kNN,gaussians
45,,8,25,diagonal,8,0.98,1.0,1.0,1.0,1.0,0.975,0.875,0.975,1.0,1.0,0.975,0.03674234614174767,0.1981881618499756,561.8608911752701,0.03484456539154053,0.9927777777777778,0.9916666666666667,0.9944444444444445,0.9888888888888889,0.9944444444444445,0.9972222222222222,0.9888888888888889,0.9944444444444445,0.9944444444444445,0.9916666666666667,0.9916666666666667,0.002545875386086569,stand+JDEkNN+kNN,gaussians
46,,8,100,full,8,0.9975,1.0,1.0,1.0,1.0,1.0,1.0,0.975,1.0,1.0,1.0,0.0075000000000000075,0.20249660015106202,595.2500597476959,0.035391926765441895,0.9911111111111112,0.9944444444444445,0.9972222222222222,0.9916666666666667,0.9916666666666667,0.9888888888888889,0.9916666666666667,0.9861111111111112,0.9805555555555555,0.9916666666666667,0.9972222222222222,0.004779069592801467,stand+JDEkNN+kNN,gaussians
47,,8,100,diagonal,8,0.9875,1.0,1.0,1.0,0.975,0.975,0.95,0.975,1.0,1.0,1.0,0.016770509831248438,0.20680503845214843,603.6075525283813,0.03593871593475342,0.9933333333333333,0.9916666666666667,0.9972222222222222,0.9916666666666667,0.9861111111111112,0.9972222222222222,0.9944444444444445,0.9944444444444445,0.9916666666666667,0.9944444444444445,0.9944444444444445,0.0030932024237944455,stand+JDEkNN+kNN,gaussians
48,,1,25,full,16,0.975,1.0,0.975,0.975,1.0,1.0,0.85,0.95,1.0,1.0,1.0,0.0447213595499958,0.21111347675323486,612.1013551712036,0.03648629188537598,0.9861111111111112,0.9944444444444445,0.9833333333333333,0.9722222222222222,0.9944444444444445,0.9972222222222222,0.9833333333333333,0.9472222222222222,0.9972222222222222,0.9944444444444445,0.9972222222222222,0.015163715626617997,stand+JDEkNN+kNN,gaussians
49,,1,25,diagonal,16,0.9925,1.0,1.0,1.0,1.0,0.975,1.0,0.975,1.0,1.0,0.975,0.01145643923738961,0.2154219150543213,614.0153755187988,0.03703494071960449,0.9936111111111111,0.9944444444444445,0.9916666666666667,0.9888888888888889,0.9916666666666667,0.9972222222222222,1.0,0.9916666666666667,0.9916666666666667,0.9972222222222222,0.9916666666666667,0.003298428357510521,stand+JDEkNN+kNN,gaussians
50,,1,100,full,16,0.9775,1.0,0.975,1.0,0.975,0.95,0.975,0.95,0.975,0.975,1.0,0.017500000000000016,0.21973035335540772,644.4738292455673,0.03758070468902588,0.98,0.9555555555555556,0.975,0.9833333333333333,0.9611111111111111,0.9888888888888889,0.9888888888888889,0.9861111111111112,0.9888888888888889,0.975,0.9972222222222222,0.012595315609727372,stand+JDEkNN+kNN,gaussians
51,,1,100,diagonal,16,0.9825,0.975,1.0,1.0,1.0,0.95,0.975,0.975,1.0,0.975,0.975,0.01600781059358214,0.22403879165649415,651.9421962976455,0.03813138008117676,0.9922222222222222,0.9861111111111112,0.9805555555555555,0.9916666666666667,0.9944444444444445,0.9972222222222222,0.9916666666666667,0.9916666666666667,0.9944444444444445,0.9972222222222222,0.9972222222222222,0.005091750772173162,stand+JDEkNN+kNN,gaussians
52,,4,25,full,16,0.9825,1.0,1.0,1.0,1.0,0.95,1.0,1.0,0.975,0.975,0.925,0.025124689052802223,0.22834722995758056,660.1014864206314,0.03867628574371338,0.9836111111111111,0.9888888888888889,0.9833333333333333,0.9944444444444445,0.975,0.9472222222222222,0.9972222222222222,0.9888888888888889,0.9916666666666667,0.9861111111111112,0.9833333333333333,0.013520103915153304,stand+JDEkNN+kNN,gaussians
53,,4,25,diagonal,16,0.99,1.0,1.0,1.0,1.0,0.95,1.0,1.0,1.0,0.975,0.975,0.016583123951777013,0.232655668258667,662.1153414487839,0.03922441005706787,0.9933333333333333,0.9972222222222222,0.9916666666666667,0.9972222222222222,0.9916666666666667,0.9888888888888889,0.9888888888888889,0.9944444444444445,0.9972222222222222,0.9944444444444445,0.9916666666666667,0.003093202423794446,stand+JDEkNN+kNN,gaussians
54,,4,100,full,16,0.99,0.975,1.0,1.0,1.0,0.95,0.975,1.0,1.0,1.0,1.0,0.016583123951777013,0.23696410655975342,694.1799464225769,0.039770078659057614,0.9830555555555556,0.975,0.9916666666666667,0.9805555555555555,0.9888888888888889,0.9861111111111112,0.9861111111111112,0.975,0.9916666666666667,0.9638888888888889,0.9916666666666667,0.008823544541260345,stand+JDEkNN+kNN,gaussians
55,,4,100,diagonal,16,0.9875,1.0,1.0,1.0,1.0,0.95,1.0,0.975,1.0,0.975,0.975,0.016770509831248438,0.24127254486083985,702.0629603147506,0.04033393859863281,0.9922222222222222,0.9916666666666667,0.9916666666666667,0.9972222222222222,0.9944444444444445,0.9972222222222222,1.0,0.9916666666666667,0.9916666666666667,0.975,0.9916666666666667,0.006431020501550132,stand+JDEkNN+kNN,gaussians
56,,8,25,full,16,0.985,1.0,0.95,1.0,0.975,1.0,0.95,0.975,1.0,1.0,1.0,0.020000000000000018,0.24558098316192628,710.6556754112244,0.04087960720062256,0.9886111111111111,0.9888888888888889,0.9833333333333333,0.9944444444444445,0.9916666666666667,1.0,0.9805555555555555,0.9861111111111112,0.9944444444444445,0.9833333333333333,0.9833333333333333,0.006015668841029944,stand+JDEkNN+kNN,gaussians
57,,8,25,diagonal,16,0.985,1.0,1.0,1.0,1.0,0.975,0.925,0.975,1.0,1.0,0.975,0.022912878474779193,0.24988942146301268,712.7627793073655,0.04142475128173828,0.9927777777777778,0.9972222222222222,0.9861111111111112,0.9972222222222222,0.9888888888888889,0.9972222222222222,0.9861111111111112,0.9944444444444445,0.9944444444444445,0.9916666666666667,0.9944444444444445,0.004157397096415476,stand+JDEkNN+kNN,gaussians
58,,8,100,full,16,0.99,1.0,1.0,1.0,1.0,0.975,0.975,0.975,0.975,1.0,1.0,0.012247448713915901,0.25419785976409914,746.1519478797912,0.041968464851379395,0.9902777777777778,0.9944444444444445,0.9916666666666667,0.9944444444444445,0.9944444444444445,0.9888888888888889,0.9861111111111112,0.9861111111111112,0.9833333333333333,0.9888888888888889,0.9944444444444445,0.00397717251757677,stand+JDEkNN+kNN,gaussians
59,,8,100,diagonal,16,0.9925,1.0,1.0,1.0,1.0,0.975,1.0,0.975,1.0,1.0,0.975,0.01145643923738961,0.25850629806518555,754.5094406604767,0.042516136169433595,0.9925,0.9916666666666667,0.9916666666666667,0.9944444444444445,0.9833333333333333,0.9972222222222222,0.9972222222222222,0.9916666666666667,0.9888888888888889,0.9944444444444445,0.9944444444444445,0.003938179688543852,stand+JDEkNN+kNN,gaussians
60,,1,25,full,32,0.9575,1.0,0.9,0.95,1.0,0.975,0.85,0.9,1.0,1.0,1.0,0.0525,0.26281473636627195,763.003243303299,0.04306530952453613,0.9763888888888889,0.9888888888888889,0.9583333333333334,0.95,0.9916666666666667,0.9972222222222222,0.9666666666666667,0.9222222222222223,0.9944444444444445,0.9972222222222222,0.9972222222222222,0.024634676453134455,stand+JDEkNN+kNN,gaussians
61,,1,25,diagonal,32,0.99,1.0,1.0,1.0,1.0,0.975,0.975,0.975,1.0,1.0,0.975,0.012247448713915901,0.2671231746673584,764.9172636508941,0.04361543655395508,0.9930555555555556,0.9916666666666667,0.9944444444444445,0.9861111111111112,0.9916666666666667,0.9944444444444445,0.9944444444444445,0.9944444444444445,0.9944444444444445,0.9944444444444445,0.9944444444444445,0.0025609845714702375,stand+JDEkNN+kNN,gaussians
62,,1,100,full,32,0.9675,1.0,0.9,0.975,0.975,0.975,0.975,0.95,0.975,0.95,1.0,0.027499999999999997,0.2714316129684448,795.3757173776627,0.044164180755615234,0.9661111111111111,0.9527777777777777,0.9416666666666667,0.9666666666666667,0.9472222222222222,0.9722222222222222,0.9805555555555555,0.975,0.9833333333333333,0.9527777777777777,0.9888888888888889,0.01565444755956153,stand+JDEkNN+kNN,gaussians
63,,1,100,diagonal,32,0.995,1.0,1.0,1.0,1.0,0.975,1.0,1.0,1.0,1.0,0.975,0.010000000000000009,0.27574005126953127,802.8440844297409,0.04471256732940674,0.99,0.9833333333333333,0.9777777777777777,0.9972222222222222,0.9916666666666667,0.9972222222222222,0.9916666666666667,0.9777777777777777,0.9916666666666667,0.9944444444444445,0.9972222222222222,0.007264831572567811,stand+JDEkNN+kNN,gaussians
64,,4,25,full,32,0.985,1.0,1.0,1.0,0.975,0.925,1.0,1.0,1.0,0.975,0.975,0.022912878474779193,0.2800484895706177,811.0033745527268,0.04526267051696777,0.9755555555555555,0.9861111111111112,0.9722222222222222,0.9944444444444445,0.9694444444444444,0.925,0.9916666666666667,0.975,0.9972222222222222,0.9777777777777777,0.9666666666666667,0.0197124388880113,stand+JDEkNN+kNN,gaussians
65,,4,25,diagonal,32,0.99,1.0,1.0,1.0,1.0,0.95,0.975,1.0,1.0,1.0,0.975,0.016583123951777013,0.2843569278717041,813.0172295808792,0.045806384086608885,0.9913888888888889,0.9916666666666667,0.9888888888888889,0.9972222222222222,0.9916666666666667,0.9805555555555555,0.9888888888888889,0.9916666666666667,0.9944444444444445,0.9944444444444445,0.9944444444444445,0.004383259399460985,stand+JDEkNN+kNN,gaussians
66,,4,100,full,32,0.975,0.975,1.0,0.975,0.975,0.95,0.925,0.975,0.975,1.0,1.0,0.022360679774997894,0.28866536617279054,845.0818345546722,0.04635212421417236,0.9697222222222223,0.9638888888888889,0.9861111111111112,0.9555555555555556,0.9833333333333333,0.975,0.9611111111111111,0.9638888888888889,0.9777777777777777,0.9361111111111111,0.9944444444444445,0.01621851175221666,stand+JDEkNN+kNN,gaussians
67,,4,100,diagonal,32,0.99,1.0,1.0,1.0,1.0,0.975,1.0,0.975,1.0,0.975,0.975,0.012247448713915901,0.29297380447387694,852.964848446846,0.046898484230041504,0.9922222222222222,0.9916666666666667,0.9916666666666667,0.9944444444444445,0.9944444444444445,0.9972222222222222,0.9944444444444445,0.9888888888888889,0.9972222222222222,0.975,0.9972222222222222,0.006309898162000312,stand+JDEkNN+kNN,gaussians
68,,8,25,full,32,0.9775,1.0,0.975,1.0,0.975,0.975,0.95,0.975,1.0,1.0,0.925,0.023584952830141507,0.2972822427749634,861.5575635433197,0.047443819046020505,0.9827777777777778,0.9916666666666667,0.9555555555555556,0.9944444444444445,0.9833333333333333,0.9916666666666667,0.9638888888888889,0.9833333333333333,0.9944444444444445,0.9861111111111112,0.9833333333333333,0.012410171057604814,stand+JDEkNN+kNN,gaussians
69,,8,25,diagonal,32,0.98,1.0,1.0,1.0,1.0,0.95,0.9,0.975,1.0,1.0,0.975,0.03122498999199199,0.3015906810760498,863.6646674394608,0.047987174987792966,0.9922222222222222,0.9916666666666667,0.9916666666666667,0.9944444444444445,0.9944444444444445,0.9972222222222222,0.9722222222222222,1.0,0.9944444444444445,0.9916666666666667,0.9944444444444445,0.007114582486036504,stand+JDEkNN+kNN,gaussians
70,,8,100,full,32,0.9825,1.0,0.975,1.0,0.975,0.975,0.95,0.975,0.975,1.0,1.0,0.016007810593582136,0.3058991193771362,897.0538360118866,0.04853453636169434,0.9780555555555556,0.9916666666666667,0.9861111111111112,0.9916666666666667,0.9888888888888889,0.9805555555555555,0.9638888888888889,0.9583333333333334,0.9611111111111111,0.9833333333333333,0.975,0.012136695708307487,stand+JDEkNN+kNN,gaussians
71,,8,100,diagonal,32,0.9925,1.0,1.0,1.0,0.975,0.975,1.0,0.975,1.0,1.0,1.0,0.01145643923738961,0.31020755767822267,905.411328792572,0.04908096790313721,0.9916666666666667,0.9916666666666667,0.9944444444444445,0.9944444444444445,0.9722222222222222,0.9944444444444445,0.9944444444444445,0.9972222222222222,0.9861111111111112,0.9972222222222222,0.9944444444444445,0.007136240321480633,stand+JDEkNN+kNN,gaussians
72,,1,25,full,64,0.945,1.0,0.875,0.925,1.0,1.0,0.825,0.825,1.0,1.0,1.0,0.07228416147400482,0.31451599597930907,913.9051314353943,0.04962863922119141,0.9672222222222222,0.9944444444444445,0.9444444444444444,0.9194444444444444,0.9861111111111112,0.9944444444444445,0.9388888888888889,0.9111111111111111,0.9972222222222222,0.9972222222222222,0.9888888888888889,0.03295619988880867,stand+JDEkNN+kNN,gaussians
73,,1,25,diagonal,64,0.9775,1.0,1.0,1.0,1.0,0.975,0.925,0.95,1.0,0.975,0.95,0.026100766272276376,0.31882443428039553,915.8191517829895,0.05017879009246826,0.9875,0.9916666666666667,0.9944444444444445,0.9833333333333333,0.9916666666666667,0.9944444444444445,0.975,0.9833333333333333,0.9916666666666667,0.9777777777777777,0.9916666666666667,0.006718548123582152,stand+JDEkNN+kNN,gaussians
74,,1,100,full,64,0.935,0.975,0.875,0.975,0.85,0.95,0.925,0.925,0.975,0.9,1.0,0.04636809247747851,0.32313287258148193,946.277605509758,0.05073051452636719,0.9347222222222222,0.9277777777777778,0.8916666666666667,0.9583333333333334,0.8666666666666667,0.9583333333333334,0.9555555555555556,0.9277777777777778,0.9666666666666667,0.9111111111111111,0.9833333333333333,0.034744437337880796,stand+JDEkNN+kNN,gaussians
75,,1,100,diagonal,64,0.98,0.975,0.95,1.0,0.975,0.975,0.975,0.975,1.0,0.975,1.0,0.015000000000000015,0.32744131088256834,953.7459725618362,0.05128350257873535,0.9775,0.9388888888888889,0.9527777777777777,0.9972222222222222,0.9833333333333333,0.9944444444444445,0.9944444444444445,0.9611111111111111,0.9805555555555555,0.9833333333333333,0.9888888888888889,0.01881726617159995,stand+JDEkNN+kNN,gaussians
76,,4,25,full,64,0.9525,0.925,0.925,1.0,0.925,0.9,1.0,0.925,1.0,0.975,0.95,0.03614208073700238,0.3317497491836548,961.9052626848221,0.05183274745941162,0.9536111111111111,0.9472222222222222,0.9527777777777777,0.9805555555555555,0.9388888888888889,0.8611111111111112,0.9916666666666667,0.9583333333333334,0.9916666666666667,0.9694444444444444,0.9444444444444444,0.03576867551570994,stand+JDEkNN+kNN,gaussians
77,,4,25,diagonal,64,0.985,1.0,1.0,1.0,1.0,0.95,0.95,1.0,1.0,0.975,0.975,0.020000000000000018,0.3360581874847412,963.9191177129745,0.052380037307739255,0.9875,0.9944444444444445,0.9916666666666667,0.9888888888888889,0.9916666666666667,0.9555555555555556,0.9916666666666667,0.9805555555555555,0.9944444444444445,0.9916666666666667,0.9944444444444445,0.011334558757279532,stand+JDEkNN+kNN,gaussians
78,,4,100,full,64,0.9475,0.975,0.975,0.95,0.95,0.9,0.9,0.9,0.95,0.975,1.0,0.03436931771216878,0.34036662578582766,995.9837226867676,0.05292878150939941,0.9425,0.9472222222222222,0.9722222222222222,0.9111111111111111,0.975,0.9638888888888889,0.8888888888888888,0.9472222222222222,0.9416666666666667,0.8916666666666667,0.9861111111111112,0.03284479965226659,stand+JDEkNN+kNN,gaussians
79,,4,100,diagonal,64,0.985,1.0,1.0,1.0,1.0,0.975,0.95,0.975,1.0,0.975,0.975,0.016583123951777013,0.34467506408691406,1003.8667365789413,0.05347435474395752,0.9858333333333333,0.9888888888888889,0.9888888888888889,0.9888888888888889,0.9916666666666667,0.9972222222222222,0.9944444444444445,0.9861111111111112,0.9944444444444445,0.9305555555555556,0.9972222222222222,0.01877621624013465,stand+JDEkNN+kNN,gaussians
80,,8,25,full,64,0.97,0.975,0.925,1.0,0.975,0.975,0.925,1.0,1.0,1.0,0.925,0.031224989991991973,0.34898350238800047,1012.459451675415,0.054019498825073245,0.9691666666666666,0.9888888888888889,0.9166666666666666,0.9888888888888889,0.9777777777777777,0.9805555555555555,0.9305555555555556,0.9833333333333333,0.9916666666666667,0.9777777777777777,0.9555555555555556,0.024890190938164213,stand+JDEkNN+kNN,gaussians
81,,8,25,diagonal,64,0.975,1.0,1.0,0.975,1.0,0.975,0.875,0.975,1.0,1.0,0.95,0.03708099243547831,0.3532919406890869,1014.5665555715561,0.05456621646881103,0.9852777777777778,0.9861111111111112,0.9888888888888889,0.9861111111111112,0.9916666666666667,0.9944444444444445,0.9388888888888889,0.9944444444444445,0.9972222222222222,0.9833333333333333,0.9916666666666667,0.01600781059358213,stand+JDEkNN+kNN,gaussians
82,,8,100,full,64,0.97,1.0,0.95,1.0,0.975,0.95,0.925,0.95,0.95,1.0,1.0,0.026925824035672525,0.35760037899017333,1047.955724143982,0.05511472225189209,0.9625,0.9805555555555555,0.9777777777777777,0.9916666666666667,0.9694444444444444,0.975,0.9416666666666667,0.9,0.9305555555555556,0.9861111111111112,0.9722222222222222,0.02761759369462664,stand+JDEkNN+kNN,gaussians
83,,8,100,diagonal,64,0.9825,1.0,1.0,1.0,0.975,1.0,0.95,0.975,0.95,1.0,0.975,0.019525624189766652,0.3619088172912598,1056.3132169246674,0.05566482543945313,0.9872222222222222,0.9916666666666667,0.9861111111111112,0.9916666666666667,0.9611111111111111,0.9944444444444445,0.9972222222222222,0.9916666666666667,0.9833333333333333,0.9861111111111112,0.9888888888888889,0.009558139185602919,stand+JDEkNN+kNN,gaussians
84,,1,25,full,128,0.925,1.0,0.8,0.875,1.0,1.0,0.8,0.8,1.0,0.975,1.0,0.08944271909999157,0.3662172555923462,1064.8070195674895,0.05621192455291748,0.9297222222222222,0.9777777777777777,0.875,0.8416666666666667,0.9666666666666667,0.9777777777777777,0.8805555555555555,0.8388888888888889,0.9833333333333333,0.9777777777777777,0.9777777777777777,0.05907008287922087,stand+JDEkNN+kNN,gaussians
85,,1,25,diagonal,128,0.975,1.0,1.0,1.0,1.0,0.975,0.95,0.9,1.0,0.975,0.95,0.0316227766016838,0.3705256938934326,1066.721039915085,0.05677542686462402,0.9802777777777778,0.9861111111111112,0.9972222222222222,0.9777777777777777,0.9888888888888889,0.9916666666666667,0.9444444444444444,0.9638888888888889,0.9944444444444445,0.9694444444444444,0.9888888888888889,0.01573556559807618,stand+JDEkNN+kNN,gaussians
86,,1,100,full,128,0.87,0.975,0.825,0.925,0.75,0.85,0.85,0.85,0.95,0.775,0.95,0.07314369419163896,0.37483413219451905,1097.1794936418532,0.05732371807098389,0.88,0.9027777777777778,0.825,0.9027777777777778,0.7694444444444445,0.8944444444444445,0.9055555555555556,0.8527777777777777,0.9055555555555556,0.8611111111111112,0.9805555555555555,0.05386024439162828,stand+JDEkNN+kNN,gaussians
87,,1,100,diagonal,128,0.945,0.9,0.85,1.0,0.975,0.95,0.95,0.875,1.0,0.975,0.975,0.049749371855330994,0.37914257049560546,1104.6478606939315,0.05787677764892578,0.9530555555555555,0.8555555555555555,0.9111111111111111,0.9944444444444445,0.9527777777777777,0.9916666666666667,1.0,0.9166666666666666,0.9583333333333334,0.9638888888888889,0.9861111111111112,0.043858111571490235,stand+JDEkNN+kNN,gaussians
88,,4,25,full,128,0.875,0.9,0.775,0.95,0.925,0.775,0.975,0.8,1.0,0.925,0.725,0.09219544457292887,0.3834510087966919,1112.8071508169173,0.05843033790588379,0.8894444444444445,0.9166666666666666,0.8916666666666667,0.9305555555555556,0.8777777777777778,0.7083333333333334,0.9916666666666667,0.8638888888888889,0.9833333333333333,0.9333333333333333,0.7972222222222223,0.08106924338010205,stand+JDEkNN+kNN,gaussians
89,,4,25,diagonal,128,0.98,1.0,1.0,1.0,1.0,0.95,0.95,0.95,1.0,0.975,0.975,0.021794494717703387,0.3877594470977783,1114.82100584507,0.058980703353881836,0.9744444444444444,0.9944444444444445,0.9888888888888889,0.9722222222222222,0.9916666666666667,0.8861111111111111,0.9805555555555555,0.9666666666666667,0.9888888888888889,0.9805555555555555,0.9944444444444445,0.03075189445132901,stand+JDEkNN+kNN,gaussians
90,,4,100,full,128,0.8725,0.9,0.925,0.8,0.875,0.85,0.85,0.85,0.825,0.875,0.975,0.04802343178074637,0.3920678853988647,1146.885610818863,0.05953092575073242,0.885,0.8777777777777778,0.9444444444444444,0.8138888888888889,0.9027777777777778,0.9,0.8333333333333334,0.8888888888888888,0.8722222222222222,0.8472222222222222,0.9694444444444444,0.045375661067183916,stand+JDEkNN+kNN,gaussians
91,,4,100,diagonal,128,0.9675,1.0,0.975,1.0,1.0,0.975,0.95,0.975,1.0,0.825,0.975,0.05006246098625197,0.3963763236999512,1154.7686247110366,0.06008100509643555,0.9727777777777777,0.9916666666666667,0.9861111111111112,0.9888888888888889,0.9916666666666667,0.9916666666666667,0.9694444444444444,0.975,0.9916666666666667,0.8444444444444444,0.9972222222222222,0.04352876159988651,stand+JDEkNN+kNN,gaussians
92,,8,25,full,128,0.9375,0.975,0.8,1.0,0.95,0.975,0.85,0.975,1.0,0.975,0.875,0.06637959023675875,0.4006847620010376,1163.3613398075104,0.06062979698181152,0.9408333333333333,0.9861111111111112,0.8305555555555556,0.9861111111111112,0.9333333333333333,0.9583333333333334,0.8861111111111111,0.95,0.9861111111111112,0.95,0.9416666666666667,0.046730280716067496,stand+JDEkNN+kNN,gaussians
93,,8,25,diagonal,128,0.96,0.975,1.0,0.95,1.0,0.95,0.8,0.975,1.0,1.0,0.95,0.05722761571129797,0.40499320030212405,1165.4684437036515,0.06117780208587646,0.9738888888888889,0.9638888888888889,0.9833333333333333,0.975,0.9916666666666667,0.9916666666666667,0.8722222222222222,0.9972222222222222,0.9916666666666667,0.9833333333333333,0.9888888888888889,0.03511884584284246,stand+JDEkNN+kNN,gaussians
94,,8,100,full,128,0.935,0.975,0.925,1.0,0.875,0.95,0.9,0.85,0.9,1.0,0.975,0.05024937810560445,0.40930163860321045,1198.8576122760774,0.061726832389831544,0.9238888888888889,0.9611111111111111,0.9444444444444444,0.9777777777777777,0.9305555555555556,0.95,0.8916666666666667,0.8166666666666667,0.8805555555555555,0.95,0.9361111111111111,0.045477575535017356,stand+JDEkNN+kNN,gaussians
95,,8,100,diagonal,128,0.975,1.0,0.95,1.0,0.925,1.0,0.95,0.975,0.975,1.0,0.975,0.024999999999999998,0.41361007690429685,1207.2151050567627,0.062274050712585446,0.9763888888888889,0.9833333333333333,0.9583333333333334,0.9972222222222222,0.925,0.9916666666666667,0.9888888888888889,0.9777777777777777,0.9666666666666667,0.9861111111111112,0.9888888888888889,0.020459610920355874,stand+JDEkNN+kNN,gaussians
