,cmaes__f__n_neighbors,cmaes__s__n_gen,cmaes__transformer,error,knn__n_neighbors,mean,score1,score10,score2,score3,score4,score5,score6,score7,score8,score9,std,time1,time2,time3,train_mean,train_score1,train_score10,train_score2,train_score3,train_score4,train_score5,train_score6,train_score7,train_score8,train_score9,train_std,technique,dataset
0,1,50,diagonal,,1,0.995,1.0,1.0,1.0,1.0,0.975,1.0,1.0,1.0,1.0,0.975,0.010000000000000009,0.003984856605529785,0.9388383626937866,0.0006766796112060546,1.0,1.0,1.0,1.0,1.0,1.0,1.0,1.0,1.0,1.0,1.0,0.0,stand+CMAES+kNN,gaussians
1,1,100,diagonal,,1,0.9875,1.0,1.0,1.0,1.0,0.975,0.975,0.975,1.0,0.95,1.0,0.016770509831248438,0.00796971321105957,2.4402815103530884,0.0012490272521972657,1.0,1.0,1.0,1.0,1.0,1.0,1.0,1.0,1.0,1.0,1.0,0.0,stand+CMAES+kNN,gaussians
2,1,250,diagonal,,1,0.9925,1.0,1.0,1.0,1.0,0.975,1.0,1.0,1.0,1.0,0.95,0.016007810593582136,0.011954569816589355,6.033461427688598,0.0018209218978881836,1.0,1.0,1.0,1.0,1.0,1.0,1.0,1.0,1.0,1.0,1.0,0.0,stand+CMAES+kNN,gaussians
3,4,50,diagonal,,1,0.9825,1.0,1.0,0.975,0.975,0.95,0.975,0.975,1.0,1.0,0.975,0.01600781059358214,0.01593942642211914,6.79609067440033,0.002394580841064453,1.0,1.0,1.0,1.0,1.0,1.0,1.0,1.0,1.0,1.0,1.0,0.0,stand+CMAES+kNN,gaussians
4,4,100,diagonal,,1,0.99,1.0,1.0,1.0,1.0,0.975,0.975,0.975,1.0,1.0,0.975,0.012247448713915901,0.019924283027648926,8.33506989479065,0.002941608428955078,1.0,1.0,1.0,1.0,1.0,1.0,1.0,1.0,1.0,1.0,1.0,0.0,stand+CMAES+kNN,gaussians
5,4,250,diagonal,,1,0.99,1.0,1.0,1.0,1.0,0.975,0.975,1.0,1.0,1.0,0.95,0.016583123951777013,0.02390913963317871,12.182356476783752,0.0034949064254760744,1.0,1.0,1.0,1.0,1.0,1.0,1.0,1.0,1.0,1.0,1.0,0.0,stand+CMAES+kNN,gaussians
6,8,50,diagonal,,1,0.985,1.0,1.0,1.0,1.0,0.975,0.925,0.975,1.0,1.0,0.975,0.022912878474779193,0.027893996238708495,12.977009582519532,0.004051661491394043,1.0,1.0,1.0,1.0,1.0,1.0,1.0,1.0,1.0,1.0,1.0,0.0,stand+CMAES+kNN,gaussians
7,8,100,diagonal,,1,0.985,1.0,1.0,1.0,1.0,0.95,0.95,0.975,1.0,1.0,0.975,0.020000000000000018,0.03187885284423828,14.57805917263031,0.004600167274475098,1.0,1.0,1.0,1.0,1.0,1.0,1.0,1.0,1.0,1.0,1.0,0.0,stand+CMAES+kNN,gaussians
8,8,250,diagonal,,1,0.99,1.0,1.0,1.0,1.0,0.975,1.0,1.0,0.95,1.0,0.975,0.016583123951777013,0.035863709449768064,18.579886841773988,0.005147528648376465,1.0,1.0,1.0,1.0,1.0,1.0,1.0,1.0,1.0,1.0,1.0,0.0,stand+CMAES+kNN,gaussians
9,1,50,diagonal,,2,0.9875,1.0,1.0,1.0,1.0,0.975,0.95,0.975,1.0,1.0,0.975,0.016770509831248438,0.03984856605529785,19.518725204467774,0.005699872970581055,0.9944444444444445,0.9944444444444445,0.9944444444444445,0.9944444444444445,0.9972222222222222,0.9888888888888889,1.0,0.9916666666666667,0.9944444444444445,0.9944444444444445,0.9944444444444445,0.002777777777777768,stand+CMAES+kNN,gaussians
10,1,100,diagonal,,2,0.9825,1.0,1.0,1.0,1.0,0.975,0.975,0.975,1.0,0.925,0.975,0.02249999999999999,0.04383342266082764,21.020168352127076,0.006245326995849609,0.9952777777777778,0.9916666666666667,0.9972222222222222,0.9972222222222222,0.9916666666666667,0.9972222222222222,0.9972222222222222,1.0,0.9916666666666667,0.9916666666666667,0.9972222222222222,0.003055555555555545,stand+CMAES+kNN,gaussians
11,1,250,diagonal,,2,0.985,1.0,1.0,1.0,1.0,0.975,0.95,0.975,1.0,1.0,0.95,0.020000000000000018,0.04781827926635742,24.613348269462584,0.006791400909423828,0.9952777777777778,0.9972222222222222,0.9972222222222222,0.9972222222222222,0.9916666666666667,1.0,0.9972222222222222,0.9916666666666667,0.9972222222222222,0.9944444444444445,0.9888888888888889,0.003298428357510521,stand+CMAES+kNN,gaussians
12,4,50,diagonal,,2,0.9775,1.0,1.0,0.975,0.925,0.975,0.95,0.975,1.0,1.0,0.975,0.023584952830141503,0.05180313587188721,25.375977516174316,0.007335686683654785,0.9955555555555555,0.9972222222222222,0.9972222222222222,0.9944444444444445,0.9944444444444445,0.9972222222222222,0.9944444444444445,0.9972222222222222,0.9972222222222222,0.9944444444444445,0.9916666666666667,0.0018425693279752156,stand+CMAES+kNN,gaussians
13,4,100,diagonal,,2,0.9875,1.0,1.0,1.0,1.0,0.975,0.925,0.975,1.0,1.0,1.0,0.02304886114323221,0.05578799247741699,26.914956736564637,0.007879376411437988,0.9958333333333333,0.9944444444444445,0.9944444444444445,0.9972222222222222,0.9944444444444445,1.0,0.9972222222222222,1.0,0.9972222222222222,0.9916666666666667,0.9916666666666667,0.002846375212766545,stand+CMAES+kNN,gaussians
14,4,250,diagonal,,2,0.9825,1.0,1.0,1.0,1.0,0.975,0.975,0.95,0.975,0.975,0.975,0.016007810593582136,0.05977284908294678,30.76224331855774,0.008424139022827149,0.9958333333333333,0.9944444444444445,0.9944444444444445,0.9944444444444445,0.9944444444444445,0.9972222222222222,0.9972222222222222,0.9944444444444445,1.0,0.9916666666666667,1.0,0.0025609845714702375,stand+CMAES+kNN,gaussians
15,8,50,diagonal,,2,0.9825,1.0,1.0,1.0,1.0,0.975,0.925,0.975,1.0,0.975,0.975,0.02249999999999999,0.06375770568847657,31.55689642429352,0.008965682983398438,0.9955555555555555,0.9972222222222222,0.9944444444444445,0.9972222222222222,0.9944444444444445,0.9972222222222222,0.9916666666666667,0.9944444444444445,0.9972222222222222,0.9972222222222222,0.9944444444444445,0.0018425693279752156,stand+CMAES+kNN,gaussians
16,8,100,diagonal,,2,0.99,1.0,1.0,0.975,1.0,0.975,0.975,0.975,1.0,1.0,1.0,0.012247448713915901,0.06774256229400635,33.157946014404295,0.00951089859008789,0.9955555555555555,0.9972222222222222,0.9972222222222222,0.9944444444444445,0.9972222222222222,0.9944444444444445,0.9972222222222222,0.9972222222222222,0.9972222222222222,0.9944444444444445,0.9888888888888889,0.002545875386086569,stand+CMAES+kNN,gaussians
17,8,250,diagonal,,2,0.9775,1.0,1.0,1.0,1.0,0.975,0.95,0.975,0.9,1.0,0.975,0.030516389039334256,0.07172741889953613,37.159773683547975,0.010056567192077637,0.9933333333333333,0.9916666666666667,0.9916666666666667,0.9944444444444445,0.9861111111111112,1.0,1.0,0.9916666666666667,0.9833333333333333,0.9972222222222222,0.9972222222222222,0.005299662230094145,stand+CMAES+kNN,gaussians
18,1,50,diagonal,,4,0.9875,1.0,1.0,1.0,1.0,0.975,0.95,0.975,1.0,1.0,0.975,0.016770509831248438,0.07571227550506592,38.09861204624176,0.010602569580078125,0.9908333333333333,0.9944444444444445,0.9916666666666667,0.9888888888888889,0.9944444444444445,0.9777777777777777,0.9916666666666667,0.9916666666666667,0.9972222222222222,0.9861111111111112,0.9944444444444445,0.005277777777777786,stand+CMAES+kNN,gaussians
19,1,100,diagonal,,4,0.98,1.0,1.0,1.0,1.0,0.975,0.975,0.975,1.0,0.9,0.975,0.029154759474226497,0.0796971321105957,39.60005519390106,0.011144781112670898,0.9925,0.9916666666666667,0.9916666666666667,0.9944444444444445,0.9888888888888889,0.9944444444444445,0.9944444444444445,0.9972222222222222,0.9888888888888889,0.9916666666666667,0.9916666666666667,0.0024999999999999914,stand+CMAES+kNN,gaussians
20,1,250,diagonal,,4,0.985,1.0,1.0,1.0,1.0,0.975,0.95,0.975,1.0,1.0,0.95,0.020000000000000018,0.08368198871612549,43.193235111236575,0.01168966293334961,0.9925,0.9861111111111112,0.9944444444444445,0.9888888888888889,0.9944444444444445,1.0,0.9944444444444445,0.9972222222222222,0.9916666666666667,0.9916666666666667,0.9861111111111112,0.004312270748961102,stand+CMAES+kNN,gaussians
21,4,50,diagonal,,4,0.9875,1.0,1.0,1.0,0.975,0.975,0.975,0.975,1.0,1.0,0.975,0.012500000000000011,0.08766684532165528,43.9558643579483,0.012236547470092774,0.9919444444444444,0.9916666666666667,0.9888888888888889,0.9944444444444445,0.9861111111111112,0.9972222222222222,0.9916666666666667,0.9944444444444445,0.9888888888888889,0.9916666666666667,0.9944444444444445,0.0031549490810001404,stand+CMAES+kNN,gaussians
22,4,100,diagonal,,4,0.9875,1.0,1.0,1.0,1.0,1.0,0.925,0.975,1.0,1.0,0.975,0.02304886114323221,0.09165170192718505,45.494843578338624,0.012781095504760743,0.9911111111111112,0.9944444444444445,0.9916666666666667,0.9916666666666667,0.9861111111111112,0.9944444444444445,0.9916666666666667,0.9916666666666667,0.9888888888888889,0.9944444444444445,0.9861111111111112,0.002991758226185825,stand+CMAES+kNN,gaussians
23,4,250,diagonal,,4,0.9875,1.0,1.0,1.0,1.0,0.975,0.95,0.975,1.0,1.0,0.975,0.016770509831248438,0.09563655853271484,49.34213016033173,0.013343071937561036,0.9925,0.9888888888888889,0.9916666666666667,0.9944444444444445,0.9888888888888889,0.9944444444444445,0.9944444444444445,0.9944444444444445,0.9888888888888889,0.9972222222222222,0.9916666666666667,0.002791632116978015,stand+CMAES+kNN,gaussians
24,8,50,diagonal,,4,0.9875,1.0,1.0,1.0,1.0,0.975,0.95,0.975,1.0,1.0,0.975,0.016770509831248438,0.09962141513824463,50.1367832660675,0.013889145851135255,0.9911111111111112,0.9888888888888889,0.9888888888888889,0.9916666666666667,0.9888888888888889,0.9944444444444445,0.9916666666666667,0.9916666666666667,0.9916666666666667,0.9916666666666667,0.9916666666666667,0.0016666666666666607,stand+CMAES+kNN,gaussians
25,8,100,diagonal,,4,0.985,1.0,1.0,1.0,0.975,0.975,0.95,0.975,1.0,1.0,0.975,0.016583123951777013,0.10360627174377442,51.73783285617829,0.014719343185424805,0.9922222222222222,0.9916666666666667,0.9944444444444445,0.9944444444444445,0.9944444444444445,0.9944444444444445,0.9916666666666667,0.9916666666666667,0.9916666666666667,0.9888888888888889,0.9888888888888889,0.002078698548207738,stand+CMAES+kNN,gaussians
26,8,250,diagonal,,4,0.9775,1.0,1.0,1.0,1.0,0.975,0.95,0.975,0.9,1.0,0.975,0.030516389039334256,0.1075911283493042,55.73966052532196,0.015293002128601074,0.9919444444444444,0.9916666666666667,0.9888888888888889,0.9861111111111112,0.9916666666666667,0.9972222222222222,0.9944444444444445,0.9972222222222222,0.9916666666666667,0.9888888888888889,0.9916666666666667,0.0033907098932593497,stand+CMAES+kNN,gaussians
27,1,50,diagonal,,8,0.99,1.0,1.0,1.0,1.0,0.975,0.975,0.975,1.0,1.0,0.975,0.012247448713915901,0.11157598495483398,56.678498888015746,0.015863418579101562,0.9916666666666667,0.9944444444444445,0.9916666666666667,0.9861111111111112,0.9944444444444445,0.9805555555555555,0.9972222222222222,0.9916666666666667,0.9944444444444445,0.9916666666666667,0.9944444444444445,0.004648111258522652,stand+CMAES+kNN,gaussians
28,1,100,diagonal,,8,0.985,1.0,1.0,1.0,1.0,0.975,1.0,0.975,1.0,0.9,1.0,0.029999999999999995,0.11556084156036377,58.17994203567505,0.016431593894958497,0.9911111111111112,0.9916666666666667,0.9916666666666667,0.9916666666666667,0.9944444444444445,0.9944444444444445,0.9944444444444445,0.9944444444444445,0.9944444444444445,0.9666666666666667,0.9972222222222222,0.008314794192830984,stand+CMAES+kNN,gaussians
29,1,250,diagonal,,8,0.9875,1.0,1.0,1.0,1.0,1.0,0.95,0.975,1.0,1.0,0.95,0.020155644370746392,0.11954569816589355,61.77312195301056,0.016994380950927736,0.9922222222222222,0.9916666666666667,0.9916666666666667,0.9888888888888889,0.9916666666666667,0.9972222222222222,0.9972222222222222,0.9944444444444445,0.9916666666666667,0.9944444444444445,0.9833333333333333,0.0038888888888889005,stand+CMAES+kNN,gaussians
30,4,50,diagonal,,8,0.9925,1.0,1.0,1.0,0.975,1.0,0.975,0.975,1.0,1.0,1.0,0.01145643923738961,0.12353055477142334,62.53575119972229,0.017545008659362794,0.9927777777777778,0.9944444444444445,0.9916666666666667,0.9916666666666667,0.9944444444444445,0.9944444444444445,0.9944444444444445,0.9944444444444445,0.9888888888888889,0.9916666666666667,0.9916666666666667,0.0018425693279752156,stand+CMAES+kNN,gaussians
31,4,100,diagonal,,8,0.9825,1.0,1.0,1.0,1.0,0.975,0.9,0.975,1.0,1.0,0.975,0.02968585521759479,0.12751541137695313,64.07473042011262,0.01811716556549072,0.9919444444444444,0.9944444444444445,0.9916666666666667,0.9916666666666667,0.9944444444444445,1.0,0.9861111111111112,0.9944444444444445,0.9944444444444445,0.9888888888888889,0.9833333333333333,0.004555894296349095,stand+CMAES+kNN,gaussians
32,4,250,diagonal,,8,0.99,1.0,1.0,1.0,1.0,0.975,0.95,0.975,1.0,1.0,1.0,0.016583123951777013,0.1315002679824829,67.92201700210572,0.01868908405303955,0.9927777777777778,0.9888888888888889,0.9972222222222222,0.9972222222222222,0.9944444444444445,0.9944444444444445,0.9916666666666667,0.9888888888888889,0.9916666666666667,0.9888888888888889,0.9944444444444445,0.003093202423794445,stand+CMAES+kNN,gaussians
33,8,50,diagonal,,8,0.9825,1.0,1.0,1.0,1.0,0.975,0.9,0.975,1.0,1.0,0.975,0.02968585521759479,0.1354851245880127,68.7166701078415,0.01928560733795166,0.9938888888888889,0.9888888888888889,0.9944444444444445,0.9944444444444445,0.9944444444444445,0.9944444444444445,0.9888888888888889,0.9972222222222222,0.9972222222222222,0.9944444444444445,0.9944444444444445,0.0027216552697590774,stand+CMAES+kNN,gaussians
34,8,100,diagonal,,8,0.9875,1.0,1.0,1.0,1.0,0.95,0.975,0.975,1.0,1.0,0.975,0.016770509831248438,0.13946998119354248,70.31771969795227,0.019830322265625,0.9933333333333333,0.9916666666666667,0.9916666666666667,0.9944444444444445,0.9888888888888889,0.9972222222222222,0.9944444444444445,0.9972222222222222,0.9944444444444445,0.9916666666666667,0.9916666666666667,0.002545875386086569,stand+CMAES+kNN,gaussians
35,8,250,diagonal,,8,0.9825,1.0,1.0,1.0,1.0,0.975,0.95,0.975,0.925,1.0,1.0,0.025124689052802223,0.14345483779907225,74.31954736709595,0.020378303527832032,0.9911111111111112,0.9805555555555555,0.9944444444444445,0.9916666666666667,0.9916666666666667,0.9972222222222222,0.9972222222222222,0.9944444444444445,0.9805555555555555,0.9888888888888889,0.9944444444444445,0.005800170282728103,stand+CMAES+kNN,gaussians
36,1,50,diagonal,,16,0.9825,1.0,1.0,1.0,1.0,0.925,0.975,0.975,1.0,1.0,0.95,0.025124689052802223,0.14743969440460206,75.25838572978974,0.02092776298522949,0.9891666666666666,0.9861111111111112,0.9888888888888889,0.9833333333333333,0.9916666666666667,0.9805555555555555,0.9916666666666667,0.9972222222222222,0.9916666666666667,0.9916666666666667,0.9888888888888889,0.004555894296349109,stand+CMAES+kNN,gaussians
37,1,100,diagonal,,16,0.9825,1.0,1.0,1.0,1.0,0.975,0.975,0.975,1.0,0.9,1.0,0.02968585521759479,0.15142455101013183,76.75982887744904,0.02147676944732666,0.9888888888888889,0.9916666666666667,0.9888888888888889,0.9944444444444445,0.9916666666666667,0.9944444444444445,0.9944444444444445,0.9944444444444445,0.9944444444444445,0.9444444444444444,1.0,0.015061601901917744,stand+CMAES+kNN,gaussians
38,1,250,diagonal,,16,0.9875,1.0,1.0,1.0,1.0,0.975,0.975,0.975,1.0,1.0,0.95,0.016770509831248438,0.15540940761566163,80.35300879478454,0.022025132179260255,0.9913888888888889,0.9916666666666667,0.9944444444444445,0.9888888888888889,0.9888888888888889,0.9944444444444445,0.9944444444444445,1.0,0.9916666666666667,0.9916666666666667,0.9777777777777777,0.00547863414536557,stand+CMAES+kNN,gaussians
39,4,50,diagonal,,16,0.99,1.0,1.0,1.0,0.975,0.975,0.975,0.975,1.0,1.0,1.0,0.012247448713915901,0.1593942642211914,81.11563804149628,0.022574377059936524,0.9891666666666666,0.9888888888888889,0.9888888888888889,0.9861111111111112,0.9833333333333333,0.9944444444444445,0.9888888888888889,0.9916666666666667,0.9916666666666667,0.9916666666666667,0.9861111111111112,0.003154949081000161,stand+CMAES+kNN,gaussians
40,4,100,diagonal,,16,0.9825,1.0,1.0,1.0,1.0,0.975,0.9,0.975,1.0,1.0,0.975,0.02968585521759479,0.16337912082672118,82.6546172618866,0.02311997413635254,0.9897222222222222,0.9944444444444445,0.9944444444444445,0.9916666666666667,0.9888888888888889,0.9916666666666667,0.9805555555555555,0.9944444444444445,0.9888888888888889,0.9916666666666667,0.9805555555555555,0.004976798018658055,stand+CMAES+kNN,gaussians
41,4,250,diagonal,,16,0.985,1.0,1.0,1.0,1.0,0.975,0.95,1.0,0.975,0.975,0.975,0.016583123951777013,0.16736397743225098,86.5019038438797,0.023670029640197755,0.9913888888888889,0.9916666666666667,0.9916666666666667,0.9916666666666667,0.9916666666666667,0.9944444444444445,0.9972222222222222,0.9916666666666667,0.9861111111111112,0.9833333333333333,0.9944444444444445,0.003818813079129877,stand+CMAES+kNN,gaussians
42,8,50,diagonal,,16,0.985,1.0,1.0,1.0,1.0,0.975,0.925,1.0,1.0,0.975,0.975,0.022912878474779193,0.17134883403778076,87.29655694961548,0.02421703338623047,0.9933333333333333,0.9916666666666667,0.9916666666666667,0.9916666666666667,0.9944444444444445,0.9944444444444445,0.9916666666666667,0.9944444444444445,0.9972222222222222,0.9944444444444445,0.9916666666666667,0.0018425693279752156,stand+CMAES+kNN,gaussians
43,8,100,diagonal,,16,0.9875,1.0,1.0,1.0,1.0,0.95,0.975,0.975,1.0,1.0,0.975,0.016770509831248438,0.17533369064331056,88.89760653972625,0.024760794639587403,0.9922222222222222,0.9916666666666667,0.9944444444444445,0.9944444444444445,0.9861111111111112,0.9944444444444445,0.9916666666666667,0.9916666666666667,0.9944444444444445,0.9944444444444445,0.9888888888888889,0.002721655269759077,stand+CMAES+kNN,gaussians
44,8,250,diagonal,,16,0.9775,1.0,1.0,1.0,0.975,0.975,0.975,0.95,0.9,1.0,1.0,0.030516389039334256,0.17931854724884033,92.89943420886993,0.025336551666259765,0.9911111111111112,0.9861111111111112,0.9888888888888889,0.9916666666666667,0.9944444444444445,0.9972222222222222,0.9972222222222222,0.9916666666666667,0.9777777777777777,0.9944444444444445,0.9916666666666667,0.005527707983925673,stand+CMAES+kNN,gaussians
45,1,50,diagonal,,32,0.9875,1.0,1.0,1.0,1.0,0.975,0.975,0.975,1.0,1.0,0.95,0.016770509831248438,0.1833034038543701,93.83827257156372,0.025931644439697265,0.9886111111111111,0.9861111111111112,0.9861111111111112,0.9805555555555555,0.9916666666666667,0.9722222222222222,0.9944444444444445,1.0,0.9888888888888889,0.9944444444444445,0.9916666666666667,0.007500000000000011,stand+CMAES+kNN,gaussians
46,1,100,diagonal,,32,0.9725,1.0,1.0,1.0,1.0,0.975,1.0,0.975,1.0,0.775,1.0,0.06656763477847173,0.1872882604598999,95.33971571922302,0.026504206657409667,0.9786111111111111,0.9916666666666667,0.9916666666666667,0.9944444444444445,0.9944444444444445,0.9944444444444445,0.9916666666666667,0.9972222222222222,0.9944444444444445,0.8388888888888889,0.9972222222222222,0.04661455423648998,stand+CMAES+kNN,gaussians
47,1,250,diagonal,,32,0.9825,1.0,1.0,0.975,1.0,1.0,0.975,0.975,1.0,1.0,0.9,0.02968585521759479,0.19127311706542968,98.93289563655853,0.027059459686279298,0.9891666666666666,0.9944444444444445,0.9944444444444445,0.9805555555555555,0.9805555555555555,0.9944444444444445,0.9972222222222222,1.0,0.9916666666666667,0.9916666666666667,0.9666666666666667,0.009658521472618739,stand+CMAES+kNN,gaussians
48,4,50,diagonal,,32,0.99,1.0,1.0,1.0,0.975,0.975,1.0,0.975,1.0,1.0,0.975,0.012247448713915901,0.19525797367095948,99.69552488327027,0.027636098861694335,0.9905555555555555,0.9916666666666667,0.9944444444444445,0.9861111111111112,0.9861111111111112,0.9916666666666667,0.9944444444444445,0.9944444444444445,0.9944444444444445,0.9916666666666667,0.9805555555555555,0.004513354669242208,stand+CMAES+kNN,gaussians
49,4,100,diagonal,,32,0.99,1.0,1.0,1.0,1.0,1.0,0.925,0.975,1.0,1.0,1.0,0.02291287847477919,0.19924283027648926,101.23450410366058,0.028182482719421385,0.9886111111111111,0.9888888888888889,0.9944444444444445,0.9944444444444445,0.9972222222222222,0.9944444444444445,0.9638888888888889,0.9972222222222222,0.9944444444444445,0.9916666666666667,0.9694444444444444,0.011279966946803867,stand+CMAES+kNN,gaussians
50,4,250,diagonal,,32,0.9925,1.0,1.0,1.0,1.0,0.975,1.0,1.0,0.975,0.975,1.0,0.01145643923738961,0.20322768688201903,105.08179068565369,0.02873382568359375,0.9891666666666666,0.9916666666666667,0.9888888888888889,0.9916666666666667,0.9944444444444445,0.9888888888888889,0.9888888888888889,0.9888888888888889,0.9888888888888889,0.9722222222222222,0.9972222222222222,0.006266952318154717,stand+CMAES+kNN,gaussians
51,8,50,diagonal,,32,0.9825,1.0,1.0,1.0,1.0,0.975,0.9,1.0,1.0,0.975,0.975,0.02968585521759479,0.20721254348754883,105.87644379138946,0.029289889335632324,0.9911111111111112,0.9916666666666667,0.9888888888888889,0.9888888888888889,0.9888888888888889,0.9944444444444445,0.9777777777777777,0.9944444444444445,0.9972222222222222,0.9944444444444445,0.9944444444444445,0.005241100628920345,stand+CMAES+kNN,gaussians
52,8,100,diagonal,,32,0.9875,1.0,1.0,1.0,0.975,0.95,1.0,0.975,1.0,1.0,0.975,0.016770509831248438,0.2111974000930786,107.47749338150024,0.02985067367553711,0.9911111111111112,0.9916666666666667,0.9944444444444445,0.9916666666666667,0.9888888888888889,0.9916666666666667,0.9944444444444445,0.9916666666666667,0.9944444444444445,0.9944444444444445,0.9777777777777777,0.004779069592801473,stand+CMAES+kNN,gaussians
53,8,250,diagonal,,32,0.97,1.0,1.0,1.0,0.975,0.975,0.975,0.95,0.85,1.0,0.975,0.043011626335213146,0.2151822566986084,111.47932105064392,0.03041219711303711,0.9869444444444444,0.9777777777777777,0.9916666666666667,0.9888888888888889,0.9916666666666667,0.9972222222222222,0.9944444444444445,0.9916666666666667,0.9472222222222222,0.9944444444444445,0.9944444444444445,0.014166666666666685,stand+CMAES+kNN,gaussians
54,1,50,diagonal,,64,0.975,1.0,1.0,1.0,1.0,0.925,0.925,0.95,1.0,1.0,0.95,0.031622776601683784,0.21916711330413818,112.4181594133377,0.030961132049560545,0.9833333333333333,0.9694444444444444,0.9833333333333333,0.975,0.9916666666666667,0.9555555555555556,0.9944444444444445,0.9888888888888889,0.9916666666666667,0.9944444444444445,0.9888888888888889,0.012171612389003694,stand+CMAES+kNN,gaussians
55,1,100,diagonal,,64,0.965,1.0,1.0,1.0,1.0,0.975,1.0,0.975,1.0,0.7,1.0,0.0888819441731559,0.22315196990966796,113.919602560997,0.03151075839996338,0.9727777777777777,0.9888888888888889,0.9888888888888889,0.9944444444444445,0.9972222222222222,0.9944444444444445,0.9916666666666667,0.9972222222222222,0.9916666666666667,0.7888888888888889,0.9944444444444445,0.06136060182878038,stand+CMAES+kNN,gaussians
56,1,250,diagonal,,64,0.9675,1.0,1.0,0.975,0.975,1.0,0.925,0.975,1.0,1.0,0.825,0.052500000000000005,0.22713682651519776,117.51278247833253,0.03206255435943604,0.9758333333333333,0.9944444444444445,0.9944444444444445,0.9777777777777777,0.975,0.9972222222222222,0.9888888888888889,1.0,0.9916666666666667,0.9916666666666667,0.8472222222222222,0.04353319295536326,stand+CMAES+kNN,gaussians
57,4,50,diagonal,,64,0.9875,1.0,1.0,0.95,0.975,0.975,1.0,0.975,1.0,1.0,1.0,0.016770509831248438,0.23112168312072753,118.27541172504425,0.032612395286560056,0.9872222222222222,0.9888888888888889,0.9944444444444445,0.9805555555555555,0.9805555555555555,0.9916666666666667,0.9944444444444445,0.9944444444444445,0.9916666666666667,0.9888888888888889,0.9666666666666667,0.008443713418650384,stand+CMAES+kNN,gaussians
58,4,100,diagonal,,64,0.98,1.0,1.0,1.0,1.0,1.0,0.875,0.975,1.0,1.0,0.95,0.038405728739343045,0.23510653972625734,119.81439094543457,0.03316688537597656,0.9797222222222223,0.9888888888888889,0.9861111111111112,0.9888888888888889,0.9861111111111112,0.9944444444444445,0.9333333333333333,0.9944444444444445,0.9944444444444445,0.9916666666666667,0.9388888888888889,0.022049677358295716,stand+CMAES+kNN,gaussians
59,4,250,diagonal,,64,0.9825,1.0,1.0,1.0,1.0,0.975,1.0,0.975,0.95,0.95,0.975,0.019525624189766652,0.2390913963317871,123.66167752742767,0.033717894554138185,0.9822222222222222,0.9916666666666667,0.9944444444444445,0.9888888888888889,0.9944444444444445,0.9861111111111112,0.9916666666666667,0.9805555555555555,0.95,0.9472222222222222,0.9972222222222222,0.017400510848184274,stand+CMAES+kNN,gaussians
60,8,50,diagonal,,64,0.9775,1.0,1.0,1.0,1.0,0.975,0.875,0.975,1.0,0.975,0.975,0.036142080737002404,0.24307625293731688,124.45633063316345,0.03426661491394043,0.9875,0.9916666666666667,0.9944444444444445,0.9888888888888889,0.9888888888888889,0.9944444444444445,0.9527777777777777,0.9944444444444445,0.9944444444444445,0.9805555555555555,0.9944444444444445,0.012313422366278637,stand+CMAES+kNN,gaussians
61,8,100,diagonal,,64,0.9875,1.0,1.0,1.0,0.975,0.925,1.0,0.975,1.0,1.0,1.0,0.02304886114323221,0.24706110954284669,126.05738022327424,0.03481204509735107,0.9863888888888889,0.9888888888888889,0.9944444444444445,0.9888888888888889,0.9833333333333333,0.9861111111111112,0.9833333333333333,0.9916666666666667,0.9916666666666667,0.9916666666666667,0.9638888888888889,0.008282250842153106,stand+CMAES+kNN,gaussians
62,8,250,diagonal,,64,0.96,0.975,0.975,0.975,0.975,1.0,0.925,0.9,0.9,1.0,0.975,0.035707142142714234,0.2510459661483765,130.0592078924179,0.03535904884338379,0.9797222222222223,0.9694444444444444,0.9888888888888889,0.9833333333333333,0.975,0.9944444444444445,0.9972222222222222,0.9861111111111112,0.9138888888888889,0.9916666666666667,0.9972222222222222,0.02360457425851876,stand+CMAES+kNN,gaussians
63,1,50,diagonal,,128,0.965,0.975,1.0,1.0,1.0,0.825,0.925,0.975,1.0,1.0,0.95,0.0526782687642637,0.25503082275390626,130.9980462551117,0.03590669631958008,0.9688888888888889,0.9388888888888889,0.975,0.9611111111111111,0.9888888888888889,0.9083333333333333,0.9861111111111112,0.9666666666666667,0.9861111111111112,0.9972222222222222,0.9805555555555555,0.025694069066327072,stand+CMAES+kNN,gaussians
64,1,100,diagonal,,128,0.95,1.0,1.0,1.0,1.0,0.975,0.975,0.975,0.975,0.625,0.975,0.10897247358851683,0.25901567935943604,132.499489402771,0.03645215034484863,0.9436111111111111,0.9833333333333333,0.9861111111111112,0.9916666666666667,0.9972222222222222,0.9944444444444445,0.9861111111111112,0.9972222222222222,0.975,0.5444444444444444,0.9805555555555555,0.13323520694760216,stand+CMAES+kNN,gaussians
65,1,250,diagonal,,128,0.94,1.0,1.0,0.975,0.925,1.0,0.925,0.975,1.0,1.0,0.6,0.11683321445547923,0.2630005359649658,136.0926693201065,0.036998963356018065,0.9461111111111111,0.9944444444444445,0.9944444444444445,0.9388888888888889,0.9333333333333333,0.9972222222222222,0.9805555555555555,0.9972222222222222,0.9888888888888889,0.9777777777777777,0.6583333333333333,0.09846193724693697,stand+CMAES+kNN,gaussians
66,4,50,diagonal,,128,0.975,0.975,1.0,0.975,0.95,0.95,0.975,0.975,1.0,1.0,0.95,0.019364916731037102,0.2669853925704956,136.85529856681825,0.03754446506500244,0.9761111111111112,0.9861111111111112,0.9972222222222222,0.925,0.9666666666666667,0.9805555555555555,0.9944444444444445,0.9861111111111112,0.9944444444444445,0.9777777777777777,0.9527777777777777,0.021415928074884873,stand+CMAES+kNN,gaussians
67,4,100,diagonal,,128,0.9625,0.975,0.975,1.0,1.0,1.0,0.8,0.975,1.0,1.0,0.9,0.0614918693812442,0.2709702491760254,138.39427778720855,0.038094067573547365,0.9566666666666667,0.9777777777777777,0.9722222222222222,0.9833333333333333,0.9777777777777777,0.9916666666666667,0.8388888888888889,0.9944444444444445,0.9916666666666667,0.975,0.8638888888888889,0.05342006836109162,stand+CMAES+kNN,gaussians
68,4,250,diagonal,,128,0.97,1.0,1.0,1.0,1.0,0.975,0.95,0.9,0.925,0.95,1.0,0.034999999999999996,0.2749551057815552,142.24156436920165,0.038643169403076175,0.9688888888888889,0.9916666666666667,0.9944444444444445,0.9694444444444444,0.9944444444444445,0.9861111111111112,0.9888888888888889,0.9611111111111111,0.9083333333333333,0.8972222222222223,0.9972222222222222,0.034911705207477724,stand+CMAES+kNN,gaussians
69,8,50,diagonal,,128,0.9725,1.0,1.0,1.0,1.0,1.0,0.8,1.0,1.0,0.975,0.95,0.05963430220938281,0.27893996238708496,143.03621747493744,0.03919086456298828,0.9777777777777777,0.9861111111111112,0.9916666666666667,0.9833333333333333,0.9805555555555555,0.9944444444444445,0.9,0.9944444444444445,0.9888888888888889,0.9722222222222222,0.9861111111111112,0.026701366312662036,stand+CMAES+kNN,gaussians
70,8,100,diagonal,,128,0.975,0.975,1.0,1.0,0.95,0.925,0.95,0.975,1.0,1.0,0.975,0.025,0.28292481899261473,144.6372670650482,0.03973643779754639,0.9733333333333334,0.9833333333333333,0.9972222222222222,0.9638888888888889,0.9805555555555555,0.9805555555555555,0.9472222222222222,0.9861111111111112,0.9888888888888889,0.9916666666666667,0.9138888888888889,0.024126723056231644,stand+CMAES+kNN,gaussians
71,8,250,diagonal,,128,0.9375,0.925,0.975,0.95,0.925,0.975,0.925,0.9,0.825,1.0,0.975,0.04776243293635699,0.2869096755981445,148.6390947341919,0.040280938148498535,0.9586111111111111,0.9194444444444444,0.9722222222222222,0.9555555555555556,0.9555555555555556,0.9888888888888889,0.9833333333333333,0.95,0.8722222222222222,0.9916666666666667,0.9972222222222222,0.03658766742233519,stand+CMAES+kNN,gaussians
