,error,jdepur__f__sig,jdepur__s__n_gen,jdepur__transformer,knn__n_neighbors,mean,score1,score10,score2,score3,score4,score5,score6,score7,score8,score9,std,time1,time2,time3,train_mean,train_score1,train_score10,train_score2,train_score3,train_score4,train_score5,train_score6,train_score7,train_score8,train_score9,train_std,technique,dataset
0,,0.5,25,full,1,0.7696629213483146,0.7368421052631579,0.75,0.8888888888888888,0.8333333333333334,0.7777777777777778,0.7222222222222222,0.7222222222222222,0.7777777777777778,0.6666666666666666,0.8235294117647058,0.061542396565720456,0.0025736331939697266,197.32967898845672,0.0014967679977416991,1.0,1.0,1.0,1.0,1.0,1.0,1.0,1.0,1.0,1.0,1.0,0.0,JDEPur+kNN,wine
1,,0.5,25,diagonal,1,0.7696629213483146,0.7368421052631579,0.9375,0.8888888888888888,0.7222222222222222,0.6666666666666666,0.7777777777777778,0.6111111111111112,0.7777777777777778,0.8333333333333334,0.7647058823529411,0.09253553508415255,0.005147266387939453,210.92454421520233,0.0027494430541992188,1.0,1.0,1.0,1.0,1.0,1.0,1.0,1.0,1.0,1.0,1.0,0.0,JDEPur+kNN,wine
2,,0.5,100,full,1,0.7303370786516854,0.7894736842105263,0.75,0.8888888888888888,0.7222222222222222,0.7222222222222222,0.7222222222222222,0.5555555555555556,0.7777777777777778,0.6666666666666666,0.7058823529411765,0.08165203534814844,0.0077208995819091795,1001.4955335140228,0.003999733924865722,1.0,1.0,1.0,1.0,1.0,1.0,1.0,1.0,1.0,1.0,1.0,0.0,JDEPur+kNN,wine
3,,0.5,100,diagonal,1,0.7865168539325843,0.8421052631578947,0.9375,0.8888888888888888,0.8888888888888888,0.6666666666666666,0.6666666666666666,0.6666666666666666,0.8333333333333334,0.8333333333333334,0.6470588235294118,0.10666153489541566,0.010294532775878907,1056.731303191185,0.005240678787231445,1.0,1.0,1.0,1.0,1.0,1.0,1.0,1.0,1.0,1.0,1.0,0.0,JDEPur+kNN,wine
4,,1.0,25,full,1,0.7808988764044944,0.7894736842105263,0.875,0.8888888888888888,0.8888888888888888,0.6666666666666666,0.7777777777777778,0.7222222222222222,0.7777777777777778,0.6111111111111112,0.8235294117647058,0.08910312322762191,0.012868165969848633,1253.2226483106613,0.0064751625061035155,1.0,1.0,1.0,1.0,1.0,1.0,1.0,1.0,1.0,1.0,1.0,0.0,JDEPur+kNN,wine
5,,1.0,25,diagonal,1,0.7584269662921348,0.7368421052631579,0.875,0.8888888888888888,0.8333333333333334,0.7777777777777778,0.7222222222222222,0.6666666666666666,0.7777777777777778,0.6666666666666666,0.6470588235294118,0.0824515443766834,0.015441799163818359,1266.856693315506,0.007719874382019043,1.0,1.0,1.0,1.0,1.0,1.0,1.0,1.0,1.0,1.0,1.0,0.0,JDEPur+kNN,wine
6,,1.0,100,full,1,0.7528089887640449,0.7368421052631579,0.8125,0.8888888888888888,0.7222222222222222,0.7777777777777778,0.7222222222222222,0.6111111111111112,0.8333333333333334,0.6666666666666666,0.7647058823529411,0.07677762758434042,0.018015432357788085,2058.679166698456,0.008946990966796875,1.0,1.0,1.0,1.0,1.0,1.0,1.0,1.0,1.0,1.0,1.0,0.0,JDEPur+kNN,wine
7,,1.0,100,diagonal,1,0.7528089887640449,0.8947368421052632,0.75,0.8333333333333334,0.8333333333333334,0.7222222222222222,0.7222222222222222,0.6111111111111112,0.6666666666666666,0.7777777777777778,0.7058823529411765,0.08081058825923285,0.020589065551757813,2113.9435209512712,0.010185480117797852,1.0,1.0,1.0,1.0,1.0,1.0,1.0,1.0,1.0,1.0,1.0,0.0,JDEPur+kNN,wine
8,,10.0,25,full,1,0.7528089887640449,0.6842105263157895,0.875,0.8333333333333334,0.8333333333333334,0.7777777777777778,0.7222222222222222,0.6111111111111112,0.7222222222222222,0.7777777777777778,0.7058823529411765,0.07614542954436511,0.023162698745727538,2310.143454313278,0.011414551734924316,1.0,1.0,1.0,1.0,1.0,1.0,1.0,1.0,1.0,1.0,1.0,0.0,JDEPur+kNN,wine
9,,10.0,25,diagonal,1,0.7191011235955056,0.6842105263157895,0.8125,0.7777777777777778,0.7777777777777778,0.6111111111111112,0.7222222222222222,0.7222222222222222,0.5555555555555556,0.8333333333333334,0.7058823529411765,0.08274382255637928,0.025736331939697266,2323.584163379669,0.012643575668334961,1.0,1.0,1.0,1.0,1.0,1.0,1.0,1.0,1.0,1.0,1.0,0.0,JDEPur+kNN,wine
10,,10.0,100,full,1,0.7471910112359551,0.7368421052631579,0.875,0.7777777777777778,0.7222222222222222,0.7777777777777778,0.7222222222222222,0.6666666666666666,0.7222222222222222,0.7777777777777778,0.7058823529411765,0.054124123412492835,0.028309965133666994,3108.0730345726015,0.013872790336608886,1.0,1.0,1.0,1.0,1.0,1.0,1.0,1.0,1.0,1.0,1.0,0.0,JDEPur+kNN,wine
11,,10.0,100,diagonal,1,0.7247191011235955,0.7368421052631579,0.875,0.7777777777777778,0.7777777777777778,0.6111111111111112,0.7222222222222222,0.7222222222222222,0.6111111111111112,0.8333333333333334,0.5882352941176471,0.09198126771408817,0.030883598327636718,3161.6550666332246,0.015118288993835449,1.0,1.0,1.0,1.0,1.0,1.0,1.0,1.0,1.0,1.0,1.0,0.0,JDEPur+kNN,wine
12,,0.5,25,full,2,0.6910112359550562,0.6842105263157895,0.75,0.7777777777777778,0.6666666666666666,0.6666666666666666,0.7222222222222222,0.6111111111111112,0.7222222222222222,0.6666666666666666,0.6470588235294118,0.04805664408961093,0.03345723152160644,3358.984745621681,0.01630687713623047,0.8751560549313359,0.8805031446540881,0.8641975308641975,0.86875,0.86875,0.86875,0.88125,0.90625,0.89375,0.875,0.84472049689441,0.015961930204368424,JDEPur+kNN,wine
13,,0.5,25,diagonal,2,0.7191011235955056,0.6842105263157895,0.8125,0.7777777777777778,0.6666666666666666,0.7777777777777778,0.7222222222222222,0.6111111111111112,0.7222222222222222,0.7777777777777778,0.6470588235294118,0.06315333087190288,0.03603086471557617,3372.579610848427,0.01749575138092041,0.8764044943820225,0.8805031446540881,0.8271604938271605,0.85,0.85,0.925,0.90625,0.88125,0.86875,0.9125,0.8633540372670807,0.02940010284883496,JDEPur+kNN,wine
14,,0.5,100,full,2,0.6629213483146067,0.631578947368421,0.75,0.7777777777777778,0.6111111111111112,0.5555555555555556,0.7222222222222222,0.5555555555555556,0.7222222222222222,0.6666666666666666,0.6470588235294118,0.07401614660714272,0.0386044979095459,4163.150600147247,0.018695688247680663,0.8639200998751561,0.8616352201257862,0.8518518518518519,0.85,0.85,0.86875,0.875,0.85625,0.875,0.88125,0.8695652173913043,0.010946598338675124,JDEPur+kNN,wine
15,,0.5,100,diagonal,2,0.7584269662921348,0.7368421052631579,0.9375,0.7777777777777778,0.8333333333333334,0.6666666666666666,0.6666666666666666,0.6666666666666666,0.7777777777777778,0.8333333333333334,0.7058823529411765,0.08514202654484804,0.041178131103515626,4218.3863698244095,0.019889187812805176,0.8913857677902621,0.8930817610062893,0.9320987654320988,0.84375,0.88125,0.925,0.8625,0.875,0.9375,0.89375,0.8695652173913043,0.02978818160264192,JDEPur+kNN,wine
16,,1.0,25,full,2,0.6853932584269663,0.6842105263157895,0.8125,0.7777777777777778,0.6666666666666666,0.6111111111111112,0.7777777777777778,0.5555555555555556,0.7222222222222222,0.6111111111111112,0.6470588235294118,0.08017659891763222,0.043751764297485354,4414.877714943886,0.021088480949401855,0.8639200998751561,0.8805031446540881,0.8580246913580247,0.8375,0.85625,0.86875,0.8625,0.8625,0.88125,0.875,0.8571428571428571,0.012501929632507998,JDEPur+kNN,wine
17,,1.0,25,diagonal,2,0.6853932584269663,0.6842105263157895,0.75,0.7777777777777778,0.7222222222222222,0.6111111111111112,0.6666666666666666,0.7222222222222222,0.6111111111111112,0.6666666666666666,0.6470588235294118,0.05350423611009018,0.046325397491455075,4428.51175994873,0.02165055274963379,0.869538077403246,0.8742138364779874,0.8641975308641975,0.85625,0.8625,0.8875,0.85625,0.88125,0.8875,0.86875,0.8571428571428571,0.011788785757622355,JDEPur+kNN,wine
18,,1.0,100,full,2,0.702247191011236,0.6842105263157895,0.8125,0.7777777777777778,0.6666666666666666,0.6111111111111112,0.7222222222222222,0.5555555555555556,0.8333333333333334,0.6666666666666666,0.7058823529411765,0.08253467892683004,0.0488990306854248,5220.3342333316805,0.022156882286071777,0.8583021223470662,0.8742138364779874,0.8395061728395061,0.85625,0.8625,0.85625,0.85625,0.86875,0.8625,0.8625,0.84472049689441,0.009826350445659365,JDEPur+kNN,wine
19,,1.0,100,diagonal,2,0.702247191011236,0.7894736842105263,0.6875,0.7777777777777778,0.7777777777777778,0.6666666666666666,0.6666666666666666,0.5555555555555556,0.7222222222222222,0.6666666666666666,0.7058823529411765,0.06705244673197952,0.05147266387939453,5275.598587584495,0.022665524482727052,0.8789013732833958,0.9056603773584906,0.8765432098765432,0.85625,0.8875,0.875,0.9,0.85625,0.88125,0.86875,0.8819875776397516,0.01549248765478095,JDEPur+kNN,wine
20,,10.0,25,full,2,0.6853932584269663,0.6842105263157895,0.8125,0.7777777777777778,0.7222222222222222,0.6666666666666666,0.6111111111111112,0.5555555555555556,0.6666666666666666,0.7222222222222222,0.6470588235294118,0.07206746223341222,0.05404629707336426,5471.798520946502,0.02317948341369629,0.8583021223470662,0.8930817610062893,0.8395061728395061,0.83125,0.875,0.875,0.83125,0.85,0.8625,0.86875,0.8571428571428571,0.01944533929154105,JDEPur+kNN,wine
21,,10.0,25,diagonal,2,0.6910112359550562,0.7368421052631579,0.6875,0.7222222222222222,0.7222222222222222,0.6666666666666666,0.7222222222222222,0.6666666666666666,0.6111111111111112,0.7222222222222222,0.6470588235294118,0.039379649867845076,0.05661993026733399,5485.239230012894,0.023687243461608887,0.8595505617977528,0.8616352201257862,0.845679012345679,0.84375,0.86875,0.8625,0.875,0.8375,0.86875,0.85,0.8819875776397516,0.013942478486232018,JDEPur+kNN,wine
22,,10.0,100,full,2,0.6853932584269663,0.6842105263157895,0.6875,0.7222222222222222,0.7777777777777778,0.6666666666666666,0.7222222222222222,0.6666666666666666,0.7222222222222222,0.6111111111111112,0.5882352941176471,0.05316590395853433,0.05919356346130371,6269.728101205826,0.02420320510864258,0.8601747815230961,0.8616352201257862,0.8518518518518519,0.8375,0.8625,0.86875,0.88125,0.85625,0.875,0.8625,0.84472049689441,0.01260191957865467,JDEPur+kNN,wine
23,,10.0,100,diagonal,2,0.6797752808988764,0.7368421052631579,0.75,0.7222222222222222,0.7222222222222222,0.6111111111111112,0.6666666666666666,0.6666666666666666,0.5555555555555556,0.7222222222222222,0.6470588235294118,0.059289051510957404,0.061767196655273436,6323.310133266449,0.02471437454223633,0.8551810237203495,0.8742138364779874,0.8333333333333334,0.8375,0.8625,0.85625,0.875,0.84375,0.88125,0.8375,0.8509316770186336,0.016554781583303525,JDEPur+kNN,wine
24,,0.5,25,full,4,0.6797752808988764,0.7368421052631579,0.8125,0.6666666666666666,0.6111111111111112,0.5555555555555556,0.7777777777777778,0.7222222222222222,0.6666666666666666,0.6111111111111112,0.6470588235294118,0.0765135910629866,0.06434082984924316,6520.639812254905,0.02523064613342285,0.818976279650437,0.8176100628930818,0.808641975308642,0.83125,0.825,0.80625,0.81875,0.81875,0.8125,0.825,0.8260869565217391,0.007657956392792289,JDEPur+kNN,wine
25,,0.5,25,diagonal,4,0.7247191011235955,0.6842105263157895,0.75,0.7222222222222222,0.7222222222222222,0.7222222222222222,0.7777777777777778,0.7222222222222222,0.6111111111111112,0.8333333333333334,0.7058823529411765,0.05493384091920767,0.06691446304321289,6534.2346774816515,0.025739336013793947,0.8339575530586767,0.8301886792452831,0.7901234567901234,0.79375,0.79375,0.9,0.8625,0.81875,0.8125,0.9,0.8385093167701864,0.03926728681374238,JDEPur+kNN,wine
26,,0.5,100,full,4,0.6741573033707865,0.7368421052631579,0.75,0.6666666666666666,0.6666666666666666,0.5555555555555556,0.7222222222222222,0.6666666666666666,0.6666666666666666,0.6111111111111112,0.7058823529411765,0.05591006291605988,0.06948809623718262,7324.805666780472,0.026251721382141113,0.8146067415730337,0.8238993710691824,0.8024691358024691,0.8125,0.79375,0.81875,0.80625,0.83125,0.79375,0.8375,0.8260869565217391,0.014587716123756355,JDEPur+kNN,wine
27,,0.5,100,diagonal,4,0.7528089887640449,0.7894736842105263,0.875,0.8333333333333334,0.6111111111111112,0.6111111111111112,0.7222222222222222,0.7777777777777778,0.8333333333333334,0.8333333333333334,0.6470588235294118,0.09413974160909731,0.07206172943115234,7380.041436457634,0.026760149002075195,0.850187265917603,0.8553459119496856,0.9320987654320988,0.775,0.84375,0.8375,0.825,0.85625,0.88125,0.86875,0.8260869565217391,0.03892687154343471,JDEPur+kNN,wine
28,,1.0,25,full,4,0.6853932584269663,0.7368421052631579,0.6875,0.6666666666666666,0.6111111111111112,0.5,0.8888888888888888,0.7222222222222222,0.6666666666666666,0.6666666666666666,0.7058823529411765,0.09315492579141443,0.07463536262512208,7576.532781577111,0.02727243900299072,0.8127340823970037,0.8176100628930818,0.8209876543209876,0.80625,0.8,0.80625,0.825,0.80625,0.80625,0.81875,0.8198757763975155,0.008123257990030226,JDEPur+kNN,wine
29,,1.0,25,diagonal,4,0.6741573033707865,0.6842105263157895,0.75,0.7222222222222222,0.6666666666666666,0.5,0.7222222222222222,0.7222222222222222,0.7222222222222222,0.6111111111111112,0.6470588235294118,0.07084215185121881,0.0772089958190918,7590.166826581955,0.02778153419494629,0.8239700374531835,0.8238993710691824,0.808641975308642,0.8,0.8125,0.80625,0.80625,0.90625,0.83125,0.81875,0.8260869565217391,0.029023775521298534,JDEPur+kNN,wine
30,,1.0,100,full,4,0.6741573033707865,0.631578947368421,0.6875,0.6666666666666666,0.6666666666666666,0.5555555555555556,0.7777777777777778,0.7222222222222222,0.6666666666666666,0.6111111111111112,0.7647058823529411,0.0643731864967321,0.07978262901306152,8381.989299964906,0.02828989028930664,0.8102372034956304,0.8364779874213837,0.808641975308642,0.79375,0.8,0.7875,0.8125,0.8,0.83125,0.8125,0.8198757763975155,0.014947277802408517,JDEPur+kNN,wine
31,,1.0,100,diagonal,4,0.6966292134831461,0.7894736842105263,0.75,0.7222222222222222,0.6666666666666666,0.5555555555555556,0.6666666666666666,0.6666666666666666,0.7222222222222222,0.7222222222222222,0.7058823529411765,0.06009495624550043,0.08235626220703125,8437.25365421772,0.028803706169128418,0.8314606741573034,0.9056603773584906,0.8148148148148148,0.81875,0.81875,0.8,0.8625,0.81875,0.81875,0.8375,0.8198757763975155,0.0292451145169316,JDEPur+kNN,wine
32,,10.0,25,full,4,0.6966292134831461,0.7368421052631579,0.75,0.7222222222222222,0.6666666666666666,0.6666666666666666,0.7222222222222222,0.6666666666666666,0.7222222222222222,0.6111111111111112,0.7058823529411765,0.04064600887031434,0.08492989540100097,8633.453587579726,0.0293165922164917,0.8058676654182272,0.8113207547169812,0.7716049382716049,0.775,0.80625,0.825,0.8125,0.7875,0.80625,0.8375,0.8260869565217391,0.02076919362485139,JDEPur+kNN,wine
33,,10.0,25,diagonal,4,0.6853932584269663,0.7368421052631579,0.75,0.7222222222222222,0.6111111111111112,0.7222222222222222,0.6666666666666666,0.6666666666666666,0.7222222222222222,0.6111111111111112,0.6470588235294118,0.04908790783729378,0.08750352859497071,8646.894296646118,0.029840779304504395,0.7946317103620475,0.7861635220125787,0.7901234567901234,0.79375,0.8,0.79375,0.8125,0.78125,0.775,0.79375,0.8198757763975155,0.012822619948800712,JDEPur+kNN,wine
34,,10.0,100,full,4,0.7078651685393258,0.7894736842105263,0.75,0.7777777777777778,0.6111111111111112,0.6111111111111112,0.7222222222222222,0.7222222222222222,0.7222222222222222,0.6111111111111112,0.7647058823529411,0.06727202884510414,0.09007716178894043,9431.38316783905,0.03036508560180664,0.8139825218476904,0.7987421383647799,0.7901234567901234,0.80625,0.80625,0.83125,0.83125,0.8375,0.8125,0.83125,0.7950310559006211,0.016522780779653235,JDEPur+kNN,wine
35,,10.0,100,diagonal,4,0.6853932584269663,0.7368421052631579,0.75,0.7222222222222222,0.6666666666666666,0.6666666666666666,0.6111111111111112,0.6666666666666666,0.7777777777777778,0.6111111111111112,0.6470588235294118,0.05501733041924092,0.09265079498291015,9484.965199899674,0.030910158157348634,0.795880149812734,0.8050314465408805,0.7839506172839507,0.79375,0.7875,0.7875,0.8125,0.78125,0.79375,0.8,0.8136645962732919,0.010950380705998785,JDEPur+kNN,wine
36,,0.5,25,full,8,0.6910112359550562,0.7368421052631579,0.6875,0.7222222222222222,0.6111111111111112,0.5555555555555556,0.7777777777777778,0.7222222222222222,0.7222222222222222,0.7777777777777778,0.5882352941176471,0.07441755839773367,0.09522442817687989,9682.29487888813,0.031435608863830566,0.7827715355805244,0.7610062893081762,0.7901234567901234,0.78125,0.8125,0.80625,0.75,0.8,0.775,0.76875,0.782608695652174,0.018955017207180146,JDEPur+kNN,wine
37,,0.5,25,diagonal,8,0.6910112359550562,0.631578947368421,0.6875,0.6666666666666666,0.6666666666666666,0.6111111111111112,0.7222222222222222,0.7222222222222222,0.7222222222222222,0.8333333333333334,0.6470588235294118,0.060186062038794744,0.0977980613708496,9695.889744114877,0.03195798397064209,0.7908863920099876,0.7610062893081762,0.7530864197530864,0.76875,0.7875,0.875,0.8,0.76875,0.775,0.85625,0.7639751552795031,0.0396488277877987,JDEPur+kNN,wine
38,,0.5,100,full,8,0.7134831460674157,0.7368421052631579,0.6875,0.7222222222222222,0.7222222222222222,0.6111111111111112,0.7777777777777778,0.7222222222222222,0.6666666666666666,0.7777777777777778,0.7058823529411765,0.04737609569970653,0.10037169456481934,10486.460733413696,0.03248312473297119,0.7740324594257179,0.7735849056603774,0.7839506172839507,0.76875,0.75625,0.8125,0.75625,0.75625,0.75625,0.8125,0.7639751552795031,0.021099740055268178,JDEPur+kNN,wine
39,,0.5,100,diagonal,8,0.7471910112359551,0.7368421052631579,0.9375,0.8333333333333334,0.7222222222222222,0.5555555555555556,0.7222222222222222,0.6666666666666666,0.8333333333333334,0.8333333333333334,0.6470588235294118,0.10632105031877356,0.10294532775878906,10541.696503090858,0.03301036357879639,0.8058676654182272,0.8301886792452831,0.8641975308641975,0.79375,0.81875,0.8375,0.7375,0.775,0.85,0.8125,0.7391304347826086,0.041689013565261696,JDEPur+kNN,wine
40,,1.0,25,full,8,0.6853932584269663,0.6842105263157895,0.6875,0.6666666666666666,0.7222222222222222,0.5555555555555556,0.7777777777777778,0.7222222222222222,0.6666666666666666,0.7222222222222222,0.6470588235294118,0.056247887039099276,0.10551896095275878,10738.187848210335,0.03353726863861084,0.7784019975031211,0.8050314465408805,0.7839506172839507,0.775,0.8,0.81875,0.7375,0.75625,0.7625,0.78125,0.7639751552795031,0.02340667137447654,JDEPur+kNN,wine
41,,1.0,25,diagonal,8,0.6741573033707865,0.631578947368421,0.6875,0.6666666666666666,0.7222222222222222,0.6111111111111112,0.7777777777777778,0.6111111111111112,0.7777777777777778,0.6666666666666666,0.5882352941176471,0.0642027692783525,0.10809259414672852,10751.82189321518,0.034062957763671874,0.784019975031211,0.7421383647798742,0.7592592592592593,0.775,0.7875,0.825,0.76875,0.84375,0.79375,0.8,0.7453416149068323,0.03128399759979605,JDEPur+kNN,wine
42,,1.0,100,full,8,0.6797752808988764,0.6842105263157895,0.6875,0.6666666666666666,0.6111111111111112,0.6666666666666666,0.7777777777777778,0.6666666666666666,0.7222222222222222,0.6666666666666666,0.6470588235294118,0.042376771238919544,0.11066622734069824,11543.64436659813,0.03458912372589111,0.7827715355805244,0.7672955974842768,0.7901234567901234,0.75625,0.8,0.79375,0.76875,0.76875,0.79375,0.8,0.7888198757763976,0.01503803445214942,JDEPur+kNN,wine
43,,1.0,100,diagonal,8,0.7134831460674157,0.7894736842105263,0.875,0.7222222222222222,0.6666666666666666,0.6111111111111112,0.6666666666666666,0.7222222222222222,0.6666666666666666,0.7222222222222222,0.7058823529411765,0.07013332226017063,0.11323986053466797,11598.908720850945,0.03511326313018799,0.7908863920099876,0.8490566037735849,0.8333333333333334,0.75,0.7875,0.8125,0.7875,0.76875,0.7625,0.8,0.7577639751552795,0.03134207405306824,JDEPur+kNN,wine
44,,10.0,25,full,8,0.6404494382022472,0.631578947368421,0.625,0.6666666666666666,0.6111111111111112,0.5555555555555556,0.6666666666666666,0.6666666666666666,0.6666666666666666,0.6666666666666666,0.6470588235294118,0.034446197807092814,0.1158134937286377,11795.108654212952,0.03563952445983887,0.7596754057428214,0.7421383647798742,0.7592592592592593,0.74375,0.7625,0.7625,0.75,0.75625,0.76875,0.80625,0.7453416149068323,0.017719034135235154,JDEPur+kNN,wine
45,,10.0,25,diagonal,8,0.6741573033707865,0.631578947368421,0.6875,0.7222222222222222,0.6666666666666666,0.6666666666666666,0.6666666666666666,0.6666666666666666,0.6666666666666666,0.6666666666666666,0.7058823529411765,0.023751145695642722,0.11838712692260742,11808.549363279342,0.036167311668396,0.7571785268414482,0.7484276729559748,0.7530864197530864,0.725,0.7875,0.775,0.75,0.7375,0.7625,0.76875,0.7639751552795031,0.017357890695920877,JDEPur+kNN,wine
46,,10.0,100,full,8,0.6573033707865169,0.631578947368421,0.6875,0.6666666666666666,0.6111111111111112,0.5555555555555556,0.7222222222222222,0.6666666666666666,0.6111111111111112,0.7222222222222222,0.7058823529411765,0.0521077968329968,0.12096076011657715,12593.038234472275,0.036716341972351074,0.768414481897628,0.7295597484276729,0.7901234567901234,0.73125,0.79375,0.78125,0.76875,0.76875,0.7625,0.80625,0.7515527950310559,0.02433072145003673,JDEPur+kNN,wine
47,,10.0,100,diagonal,8,0.6741573033707865,0.631578947368421,0.6875,0.7222222222222222,0.6666666666666666,0.6111111111111112,0.7222222222222222,0.6666666666666666,0.6666666666666666,0.7222222222222222,0.6470588235294118,0.03714644447454958,0.12353439331054687,12646.620266532898,0.037232708930969236,0.7553058676654182,0.7672955974842768,0.7530864197530864,0.725,0.775,0.76875,0.7625,0.7375,0.7625,0.75,0.7515527950310559,0.0144862863634409,JDEPur+kNN,wine
48,,0.5,25,full,16,0.7078651685393258,0.6842105263157895,0.8125,0.8888888888888888,0.6666666666666666,0.6111111111111112,0.7777777777777778,0.6111111111111112,0.6666666666666666,0.7222222222222222,0.6470588235294118,0.08670471260275513,0.1261080265045166,12843.949945521355,0.03775148391723633,0.7322097378277154,0.7232704402515723,0.7222222222222222,0.70625,0.7375,0.7625,0.7125,0.7375,0.74375,0.725,0.7515527950310559,0.016657816650326774,JDEPur+kNN,wine
49,,0.5,25,diagonal,16,0.702247191011236,0.6842105263157895,0.8125,0.8333333333333334,0.6666666666666666,0.5555555555555556,0.7777777777777778,0.6666666666666666,0.6666666666666666,0.7777777777777778,0.5882352941176471,0.0890980371654214,0.12868165969848633,12857.5448107481,0.03827033042907715,0.7397003745318352,0.7295597484276729,0.7037037037037037,0.70625,0.7375,0.8,0.7375,0.725,0.73125,0.7875,0.7391304347826086,0.02955650848602994,JDEPur+kNN,wine
50,,0.5,100,full,16,0.6966292134831461,0.6842105263157895,0.8125,0.8333333333333334,0.6666666666666666,0.5555555555555556,0.7222222222222222,0.7222222222222222,0.6666666666666666,0.7222222222222222,0.5882352941176471,0.08226428370132095,0.13125529289245605,13648.11580004692,0.03878805637359619,0.735330836454432,0.7484276729559748,0.7037037037037037,0.7375,0.7375,0.73125,0.725,0.73125,0.73125,0.75625,0.7515527950310559,0.014278124085865249,JDEPur+kNN,wine
51,,0.5,100,diagonal,16,0.702247191011236,0.7894736842105263,0.875,0.8888888888888888,0.6111111111111112,0.5,0.7777777777777778,0.6111111111111112,0.6666666666666666,0.7222222222222222,0.5882352941176471,0.12254172672462359,0.13382892608642577,13703.351569724084,0.03930675983428955,0.7709113607990012,0.7987421383647799,0.8580246913580247,0.74375,0.74375,0.8125,0.71875,0.7375,0.7875,0.75,0.7577639751552795,0.040361810461763716,JDEPur+kNN,wine
52,,1.0,25,full,16,0.702247191011236,0.6842105263157895,0.8125,0.8888888888888888,0.6666666666666666,0.5555555555555556,0.8333333333333334,0.6111111111111112,0.6666666666666666,0.7222222222222222,0.5882352941176471,0.1049994284737647,0.13640255928039552,13899.842914843559,0.03983449935913086,0.7365792759051186,0.7421383647798742,0.7160493827160493,0.7125,0.74375,0.74375,0.75,0.74375,0.7375,0.725,0.7515527950310559,0.013136570806274946,JDEPur+kNN,wine
53,,1.0,25,diagonal,16,0.7078651685393258,0.6842105263157895,0.8125,0.8888888888888888,0.6111111111111112,0.6111111111111112,0.7777777777777778,0.7222222222222222,0.6666666666666666,0.7222222222222222,0.5882352941176471,0.09181773104848097,0.13897619247436524,13913.476959848404,0.04036719799041748,0.7340823970037453,0.7295597484276729,0.7098765432098766,0.7,0.73125,0.75625,0.70625,0.73125,0.78125,0.75,0.7453416149068323,0.023780235640209677,JDEPur+kNN,wine
54,,1.0,100,full,16,0.702247191011236,0.6842105263157895,0.8125,0.8888888888888888,0.6666666666666666,0.5,0.7777777777777778,0.6666666666666666,0.6666666666666666,0.7222222222222222,0.6470588235294118,0.10057694822629518,0.14154982566833496,14705.299433231354,0.040895724296569826,0.7328339575530587,0.7421383647798742,0.7160493827160493,0.725,0.7375,0.73125,0.71875,0.71875,0.7375,0.75,0.7515527950310559,0.012318680913292211,JDEPur+kNN,wine
55,,1.0,100,diagonal,16,0.7191011235955056,0.7894736842105263,0.875,0.8888888888888888,0.6111111111111112,0.5555555555555556,0.7777777777777778,0.7222222222222222,0.6666666666666666,0.7222222222222222,0.5882352941176471,0.10946576406743369,0.14412345886230468,14760.563787484169,0.04142637252807617,0.7459425717852685,0.8238993710691824,0.7654320987654321,0.7125,0.725,0.75,0.71875,0.725,0.73125,0.75625,0.7515527950310559,0.03092276852392385,JDEPur+kNN,wine
56,,10.0,25,full,16,0.6966292134831461,0.6842105263157895,0.8125,0.8888888888888888,0.6111111111111112,0.5555555555555556,0.7777777777777778,0.6666666666666666,0.6666666666666666,0.7222222222222222,0.5882352941176471,0.09926647030079107,0.1466970920562744,14956.763720846177,0.04195334911346436,0.7328339575530587,0.7358490566037735,0.7098765432098766,0.71875,0.73125,0.74375,0.73125,0.7375,0.73125,0.75,0.7391304347826086,0.01103295877870187,JDEPur+kNN,wine
57,,10.0,25,diagonal,16,0.702247191011236,0.7368421052631579,0.8125,0.8888888888888888,0.6111111111111112,0.6111111111111112,0.7777777777777778,0.6111111111111112,0.6666666666666666,0.7222222222222222,0.5882352941176471,0.0966808827001233,0.14927072525024415,14970.204429912566,0.04248292446136474,0.7303370786516854,0.7295597484276729,0.7098765432098766,0.70625,0.73125,0.76875,0.71875,0.725,0.73125,0.7375,0.7453416149068323,0.017075802675487473,JDEPur+kNN,wine
58,,10.0,100,full,16,0.702247191011236,0.6842105263157895,0.8125,0.8888888888888888,0.6111111111111112,0.6111111111111112,0.7222222222222222,0.7222222222222222,0.6666666666666666,0.7222222222222222,0.5882352941176471,0.08909803716542136,0.15184435844421387,15754.693301105499,0.043011832237243655,0.7309612983770287,0.7295597484276729,0.7098765432098766,0.70625,0.74375,0.73125,0.725,0.7375,0.73125,0.74375,0.7515527950310559,0.013735893954773188,JDEPur+kNN,wine
59,,10.0,100,diagonal,16,0.702247191011236,0.7368421052631579,0.8125,0.8888888888888888,0.6111111111111112,0.6111111111111112,0.7777777777777778,0.6111111111111112,0.6666666666666666,0.7222222222222222,0.5882352941176471,0.0966808827001233,0.1544179916381836,15808.275333166122,0.04353959560394287,0.7278401997503121,0.7358490566037735,0.7037037037037037,0.70625,0.73125,0.74375,0.7125,0.725,0.73125,0.74375,0.7453416149068323,0.014805499110153527,JDEPur+kNN,wine
60,,0.5,25,full,32,0.7134831460674157,0.7368421052631579,0.875,0.8888888888888888,0.6666666666666666,0.6666666666666666,0.7222222222222222,0.6111111111111112,0.6666666666666666,0.7222222222222222,0.5882352941176471,0.0950190867325227,0.15699162483215331,16005.60501215458,0.0440673828125,0.7303370786516854,0.7169811320754716,0.7283950617283951,0.70625,0.7375,0.73125,0.73125,0.74375,0.75,0.71875,0.7391304347826086,0.01262312768388413,JDEPur+kNN,wine
61,,0.5,25,diagonal,32,0.7359550561797753,0.7368421052631579,0.875,0.8888888888888888,0.6666666666666666,0.7777777777777778,0.7222222222222222,0.6111111111111112,0.6666666666666666,0.8333333333333334,0.5882352941176471,0.1005718777756539,0.15956525802612304,16019.199877381325,0.044593214988708496,0.7347066167290887,0.710691823899371,0.7160493827160493,0.70625,0.7375,0.7625,0.7375,0.74375,0.75,0.74375,0.7391304347826086,0.017145503251439383,JDEPur+kNN,wine
62,,0.5,100,full,32,0.6966292134831461,0.7368421052631579,0.8125,0.8888888888888888,0.6666666666666666,0.5555555555555556,0.7222222222222222,0.6111111111111112,0.6666666666666666,0.7222222222222222,0.5882352941176471,0.09699208351289394,0.16213889122009278,16809.770866680145,0.045122075080871585,0.7278401997503121,0.710691823899371,0.7160493827160493,0.70625,0.73125,0.7375,0.725,0.74375,0.7375,0.725,0.7453416149068323,0.01293457139826073,JDEPur+kNN,wine
63,,0.5,100,diagonal,32,0.7078651685393258,0.7368421052631579,0.8125,0.8333333333333334,0.6666666666666666,0.7222222222222222,0.7222222222222222,0.6666666666666666,0.6111111111111112,0.7222222222222222,0.5882352941176471,0.07430672780046489,0.1647125244140625,16865.006636357306,0.045645928382873534,0.7453183520599251,0.7547169811320755,0.7901234567901234,0.75,0.73125,0.725,0.7125,0.74375,0.78125,0.725,0.7391304347826086,0.02355885195849934,JDEPur+kNN,wine
64,,1.0,25,full,32,0.7134831460674157,0.7368421052631579,0.875,0.8888888888888888,0.6666666666666666,0.6666666666666666,0.7222222222222222,0.6666666666666666,0.6666666666666666,0.6666666666666666,0.5882352941176471,0.09171337357695107,0.16728615760803223,17061.497981476783,0.046175265312194826,0.7284644194756554,0.7295597484276729,0.7160493827160493,0.7125,0.7375,0.73125,0.7375,0.725,0.7375,0.71875,0.7391304347826086,0.009396889371265316,JDEPur+kNN,wine
65,,1.0,25,diagonal,32,0.7134831460674157,0.7368421052631579,0.875,0.8888888888888888,0.6666666666666666,0.6666666666666666,0.7222222222222222,0.6666666666666666,0.6111111111111112,0.7222222222222222,0.5882352941176471,0.0950190867325227,0.16985979080200195,17075.132026481628,0.046698498725891116,0.7297128589263421,0.710691823899371,0.7222222222222222,0.70625,0.7375,0.73125,0.7125,0.74375,0.76875,0.725,0.7391304347826086,0.01777509724727351,JDEPur+kNN,wine
66,,1.0,100,full,32,0.702247191011236,0.7368421052631579,0.875,0.8888888888888888,0.6666666666666666,0.5555555555555556,0.7222222222222222,0.6111111111111112,0.6666666666666666,0.7222222222222222,0.5882352941176471,0.10583779262758422,0.17243342399597167,17866.95449986458,0.04722139835357666,0.7290886392009988,0.7044025157232704,0.7222222222222222,0.70625,0.7375,0.73125,0.7375,0.74375,0.74375,0.725,0.7391304347826086,0.013681349292553931,JDEPur+kNN,wine
67,,1.0,100,diagonal,32,0.702247191011236,0.7368421052631579,0.8125,0.8888888888888888,0.6666666666666666,0.6111111111111112,0.7222222222222222,0.6111111111111112,0.6666666666666666,0.7222222222222222,0.5882352941176471,0.09007011257037727,0.17500705718994142,17922.218854117393,0.04773383140563965,0.737203495630462,0.7610062893081762,0.7654320987654321,0.70625,0.725,0.74375,0.7375,0.74375,0.73125,0.725,0.7329192546583851,0.016610218437595196,JDEPur+kNN,wine
68,,10.0,25,full,32,0.702247191011236,0.7368421052631579,0.8125,0.8888888888888888,0.6666666666666666,0.5555555555555556,0.7222222222222222,0.6666666666666666,0.6666666666666666,0.7222222222222222,0.5882352941176471,0.093433982731433,0.17758069038391114,18118.4187874794,0.04824683666229248,0.7234706616729089,0.7044025157232704,0.6975308641975309,0.70625,0.71875,0.725,0.74375,0.74375,0.725,0.73125,0.7391304347826086,0.01577412262226947,JDEPur+kNN,wine
69,,10.0,25,diagonal,32,0.7134831460674157,0.7368421052631579,0.8125,0.8888888888888888,0.6666666666666666,0.6666666666666666,0.7222222222222222,0.6666666666666666,0.6666666666666666,0.7222222222222222,0.5882352941176471,0.0810699063958156,0.18015432357788086,18131.859496545792,0.048755645751953125,0.7247191011235955,0.7044025157232704,0.7098765432098766,0.70625,0.725,0.73125,0.73125,0.74375,0.73125,0.725,0.7391304347826086,0.012931164461730907,JDEPur+kNN,wine
70,,10.0,100,full,32,0.7134831460674157,0.7368421052631579,0.8125,0.8888888888888888,0.6666666666666666,0.6666666666666666,0.7222222222222222,0.6666666666666666,0.6666666666666666,0.7222222222222222,0.5882352941176471,0.0810699063958156,0.18272795677185058,18916.348367738723,0.04926955699920654,0.7228464419475655,0.7044025157232704,0.7222222222222222,0.7,0.71875,0.73125,0.70625,0.74375,0.7375,0.73125,0.7329192546583851,0.014314798030531707,JDEPur+kNN,wine
71,,10.0,100,diagonal,32,0.7134831460674157,0.7368421052631579,0.8125,0.8888888888888888,0.6666666666666666,0.6666666666666666,0.7222222222222222,0.6666666666666666,0.6666666666666666,0.7222222222222222,0.5882352941176471,0.0810699063958156,0.1853015899658203,18969.93039979935,0.049795103073120114,0.7253433208489388,0.710691823899371,0.7098765432098766,0.70625,0.725,0.73125,0.73125,0.74375,0.73125,0.725,0.7391304347826086,0.012050871803757466,JDEPur+kNN,wine
72,,0.5,25,full,64,0.7191011235955056,0.7368421052631579,0.8125,0.8888888888888888,0.6111111111111112,0.7777777777777778,0.6666666666666666,0.6666666666666666,0.6666666666666666,0.7777777777777778,0.5882352941176471,0.09043630468565031,0.18787522315979005,19167.260078787804,0.050321340560913086,0.7234706616729089,0.7169811320754716,0.7160493827160493,0.7,0.73125,0.71875,0.71875,0.7375,0.73125,0.71875,0.7453416149068323,0.012292728338620443,JDEPur+kNN,wine
73,,0.5,25,diagonal,64,0.7191011235955056,0.7368421052631579,0.8125,0.8888888888888888,0.6111111111111112,0.7777777777777778,0.6666666666666666,0.6666666666666666,0.6666666666666666,0.7777777777777778,0.5882352941176471,0.09043630468565031,0.19044885635375977,19180.85494401455,0.05085024833679199,0.7234706616729089,0.7169811320754716,0.7160493827160493,0.7,0.73125,0.71875,0.73125,0.73125,0.73125,0.7125,0.7453416149068323,0.012292728338620431,JDEPur+kNN,wine
74,,0.5,100,full,64,0.7191011235955056,0.7368421052631579,0.8125,0.8888888888888888,0.6111111111111112,0.7777777777777778,0.6666666666666666,0.6666666666666666,0.6666666666666666,0.7777777777777778,0.5882352941176471,0.09043630468565031,0.1930224895477295,19971.42593331337,0.05138113498687744,0.7253433208489388,0.7169811320754716,0.7160493827160493,0.7,0.73125,0.71875,0.7375,0.73125,0.7375,0.73125,0.7329192546583851,0.011400396028092152,JDEPur+kNN,wine
75,,0.5,100,diagonal,64,0.7078651685393258,0.7368421052631579,0.8125,0.8333333333333334,0.6111111111111112,0.7777777777777778,0.6666666666666666,0.6666666666666666,0.6111111111111112,0.7777777777777778,0.5882352941176471,0.08586816434665548,0.1955961227416992,20026.661702990532,0.05190880298614502,0.7265917602996255,0.710691823899371,0.7407407407407407,0.70625,0.73125,0.7125,0.73125,0.73125,0.74375,0.7125,0.7453416149068323,0.014053428778597436,JDEPur+kNN,wine
76,,1.0,25,full,64,0.7078651685393258,0.7368421052631579,0.8125,0.8888888888888888,0.6111111111111112,0.7777777777777778,0.6666666666666666,0.5555555555555556,0.6666666666666666,0.7777777777777778,0.5882352941176471,0.10227297493155585,0.19816975593566893,20223.15304811001,0.05243351459503174,0.7234706616729089,0.710691823899371,0.7160493827160493,0.70625,0.725,0.71875,0.73125,0.71875,0.7375,0.71875,0.7515527950310559,0.01276738848998188,JDEPur+kNN,wine
77,,1.0,25,diagonal,64,0.7191011235955056,0.7368421052631579,0.8125,0.8888888888888888,0.6111111111111112,0.7777777777777778,0.6666666666666666,0.6666666666666666,0.6666666666666666,0.7777777777777778,0.5882352941176471,0.09043630468565031,0.20074338912963868,20236.787093114854,0.052971601486206055,0.7240948813982522,0.7169811320754716,0.7160493827160493,0.7,0.73125,0.71875,0.7375,0.73125,0.73125,0.7125,0.7453416149068323,0.012820356032295978,JDEPur+kNN,wine
78,,1.0,100,full,64,0.7191011235955056,0.7368421052631579,0.8125,0.8888888888888888,0.6111111111111112,0.7777777777777778,0.6666666666666666,0.6666666666666666,0.6666666666666666,0.7777777777777778,0.5882352941176471,0.09043630468565031,0.2033170223236084,21028.609566497802,0.05350050926208496,0.7240948813982522,0.7169811320754716,0.7098765432098766,0.70625,0.73125,0.71875,0.7375,0.73125,0.73125,0.71875,0.7391304347826086,0.01089813726838026,JDEPur+kNN,wine
79,,1.0,100,diagonal,64,0.7191011235955056,0.7368421052631579,0.8125,0.8888888888888888,0.6111111111111112,0.7777777777777778,0.6666666666666666,0.6666666666666666,0.6666666666666666,0.7777777777777778,0.5882352941176471,0.09043630468565031,0.20589065551757812,21083.87392075062,0.05402340888977051,0.7253433208489388,0.7232704402515723,0.7283950617283951,0.7,0.73125,0.71875,0.73125,0.73125,0.73125,0.7125,0.7453416149068323,0.01184820972569032,JDEPur+kNN,wine
80,,10.0,25,full,64,0.7191011235955056,0.7368421052631579,0.8125,0.8888888888888888,0.6111111111111112,0.7777777777777778,0.6666666666666666,0.6666666666666666,0.6666666666666666,0.7777777777777778,0.5882352941176471,0.09043630468565031,0.20846428871154785,21280.073854112627,0.05454676151275635,0.7240948813982522,0.7169811320754716,0.7160493827160493,0.7,0.73125,0.71875,0.73125,0.73125,0.73125,0.71875,0.7453416149068323,0.011871142691199854,JDEPur+kNN,wine
81,,10.0,25,diagonal,64,0.7191011235955056,0.7368421052631579,0.8125,0.8888888888888888,0.6111111111111112,0.7777777777777778,0.6666666666666666,0.6666666666666666,0.6666666666666666,0.7777777777777778,0.5882352941176471,0.09043630468565031,0.21103792190551757,21293.514563179015,0.05507280826568604,0.7234706616729089,0.7169811320754716,0.7160493827160493,0.7,0.73125,0.71875,0.73125,0.73125,0.73125,0.7125,0.7453416149068323,0.012292728338620431,JDEPur+kNN,wine
82,,10.0,100,full,64,0.7191011235955056,0.7368421052631579,0.8125,0.8888888888888888,0.6111111111111112,0.7777777777777778,0.6666666666666666,0.6666666666666666,0.6666666666666666,0.7777777777777778,0.5882352941176471,0.09043630468565031,0.21361155509948732,22078.00343437195,0.05562946796417236,0.7234706616729089,0.710691823899371,0.7160493827160493,0.7,0.73125,0.71875,0.73125,0.73125,0.73125,0.71875,0.7453416149068323,0.012386382889636323,JDEPur+kNN,wine
83,,10.0,100,diagonal,64,0.7191011235955056,0.7368421052631579,0.8125,0.8888888888888888,0.6111111111111112,0.7777777777777778,0.6666666666666666,0.6666666666666666,0.6666666666666666,0.7777777777777778,0.5882352941176471,0.09043630468565031,0.21618518829345704,22131.58546643257,0.05615010261535645,0.7234706616729089,0.7232704402515723,0.7160493827160493,0.7,0.73125,0.7125,0.73125,0.73125,0.73125,0.7125,0.7453416149068323,0.012518422723718323,JDEPur+kNN,wine
84,,0.5,25,full,128,0.6573033707865169,0.6842105263157895,0.75,0.7222222222222222,0.6111111111111112,0.6111111111111112,0.6666666666666666,0.5555555555555556,0.6666666666666666,0.6666666666666666,0.6470588235294118,0.05339697282421739,0.21875882148742676,22328.91514542103,0.056517291069030764,0.6573033707865169,0.6540880503144654,0.6481481481481481,0.65,0.6625,0.6625,0.65625,0.66875,0.65625,0.65625,0.6583850931677019,0.005805419615473832,JDEPur+kNN,wine
85,,0.5,25,diagonal,128,0.6573033707865169,0.6842105263157895,0.75,0.7222222222222222,0.6111111111111112,0.6111111111111112,0.6666666666666666,0.5555555555555556,0.6666666666666666,0.6666666666666666,0.6470588235294118,0.05339697282421739,0.22133245468139648,22342.510010647773,0.05688028335571289,0.6573033707865169,0.6540880503144654,0.6481481481481481,0.65,0.6625,0.6625,0.65625,0.66875,0.65625,0.65625,0.6583850931677019,0.005805419615473832,JDEPur+kNN,wine
86,,0.5,100,full,128,0.6573033707865169,0.6842105263157895,0.75,0.7222222222222222,0.6111111111111112,0.6111111111111112,0.6666666666666666,0.5555555555555556,0.6666666666666666,0.6666666666666666,0.6470588235294118,0.05339697282421739,0.2239060878753662,23133.080999946593,0.0572453498840332,0.6573033707865169,0.6540880503144654,0.6481481481481481,0.65,0.6625,0.6625,0.65625,0.66875,0.65625,0.65625,0.6583850931677019,0.005805419615473832,JDEPur+kNN,wine
87,,0.5,100,diagonal,128,0.6573033707865169,0.6842105263157895,0.75,0.7222222222222222,0.6111111111111112,0.6111111111111112,0.6666666666666666,0.5555555555555556,0.6666666666666666,0.6666666666666666,0.6470588235294118,0.05339697282421739,0.22647972106933595,23188.316769623758,0.057607626914978026,0.6591760299625468,0.6540880503144654,0.654320987654321,0.65,0.6625,0.6625,0.65625,0.66875,0.66875,0.65625,0.6583850931677019,0.005973496681200659,JDEPur+kNN,wine
88,,1.0,25,full,128,0.6573033707865169,0.6842105263157895,0.75,0.7222222222222222,0.6111111111111112,0.6111111111111112,0.6666666666666666,0.5555555555555556,0.6666666666666666,0.6666666666666666,0.6470588235294118,0.05339697282421739,0.22905335426330567,23384.80811474323,0.05797069072723389,0.6579275905118602,0.6540880503144654,0.6481481481481481,0.65,0.6625,0.6625,0.6625,0.66875,0.65625,0.65625,0.6583850931677019,0.005990898134498608,JDEPur+kNN,wine
89,,1.0,25,diagonal,128,0.6573033707865169,0.6842105263157895,0.75,0.7222222222222222,0.6111111111111112,0.6111111111111112,0.6666666666666666,0.5555555555555556,0.6666666666666666,0.6666666666666666,0.6470588235294118,0.05339697282421739,0.2316269874572754,23398.442159748076,0.05833480358123779,0.6573033707865169,0.6540880503144654,0.6481481481481481,0.65,0.6625,0.6625,0.65625,0.66875,0.65625,0.65625,0.6583850931677019,0.005805419615473832,JDEPur+kNN,wine
90,,1.0,100,full,128,0.6573033707865169,0.6842105263157895,0.75,0.7222222222222222,0.6111111111111112,0.6111111111111112,0.6666666666666666,0.5555555555555556,0.6666666666666666,0.6666666666666666,0.6470588235294118,0.05339697282421739,0.2342006206512451,24190.264633131028,0.058702397346496585,0.6573033707865169,0.6540880503144654,0.6481481481481481,0.65,0.6625,0.6625,0.65625,0.66875,0.65625,0.65625,0.6583850931677019,0.005805419615473832,JDEPur+kNN,wine
91,,1.0,100,diagonal,128,0.6573033707865169,0.6842105263157895,0.75,0.7222222222222222,0.6111111111111112,0.6111111111111112,0.6666666666666666,0.5555555555555556,0.6666666666666666,0.6666666666666666,0.6470588235294118,0.05339697282421739,0.23677425384521483,24245.52898738384,0.059064626693725586,0.6573033707865169,0.6540880503144654,0.6481481481481481,0.65,0.6625,0.6625,0.65625,0.66875,0.65625,0.65625,0.6583850931677019,0.005805419615473832,JDEPur+kNN,wine
92,,10.0,25,full,128,0.6573033707865169,0.6842105263157895,0.75,0.7222222222222222,0.6111111111111112,0.6111111111111112,0.6666666666666666,0.5555555555555556,0.6666666666666666,0.6666666666666666,0.6470588235294118,0.05339697282421739,0.23934788703918458,24441.72892074585,0.05942709445953369,0.6573033707865169,0.6540880503144654,0.6481481481481481,0.65,0.6625,0.6625,0.65625,0.66875,0.65625,0.65625,0.6583850931677019,0.005805419615473832,JDEPur+kNN,wine
93,,10.0,25,diagonal,128,0.6573033707865169,0.6842105263157895,0.75,0.7222222222222222,0.6111111111111112,0.6111111111111112,0.6666666666666666,0.5555555555555556,0.6666666666666666,0.6666666666666666,0.6470588235294118,0.05339697282421739,0.2419215202331543,24455.16962981224,0.05978946685791016,0.6573033707865169,0.6540880503144654,0.6481481481481481,0.65,0.6625,0.6625,0.65625,0.66875,0.65625,0.65625,0.6583850931677019,0.005805419615473832,JDEPur+kNN,wine
94,,10.0,100,full,128,0.6573033707865169,0.6842105263157895,0.75,0.7222222222222222,0.6111111111111112,0.6111111111111112,0.6666666666666666,0.5555555555555556,0.6666666666666666,0.6666666666666666,0.6470588235294118,0.05339697282421739,0.24449515342712402,25239.65850100517,0.06015150547027588,0.6573033707865169,0.6540880503144654,0.6481481481481481,0.65,0.6625,0.6625,0.65625,0.66875,0.65625,0.65625,0.6583850931677019,0.005805419615473832,JDEPur+kNN,wine
95,,10.0,100,diagonal,128,0.6573033707865169,0.6842105263157895,0.75,0.7222222222222222,0.6111111111111112,0.6111111111111112,0.6666666666666666,0.5555555555555556,0.6666666666666666,0.6666666666666666,0.6470588235294118,0.05339697282421739,0.24706878662109374,25293.240533065797,0.06051115989685059,0.6573033707865169,0.6540880503144654,0.6481481481481481,0.65,0.6625,0.6625,0.65625,0.66875,0.65625,0.65625,0.6583850931677019,0.005805419615473832,JDEPur+kNN,wine
